지점,지점명,일시,평균기온(°C),최저기온(°C),최저기온 시각(hhmi),최고기온(°C),최고기온 시각(hhmi),강수 계속시간(hr),10분 최다 강수량(mm),10분 최다강수량 시각(hhmi),1시간 최다강수량(mm),1시간 최다 강수량 시각(hhmi),일강수량(mm),최대 순간 풍속(m/s),최대 순간 풍속 풍향(16방위),최대 순간풍속 시각(hhmi),최대 풍속(m/s),최대 풍속 풍향(16방위),최대 풍속 시각(hhmi),평균 풍속(m/s),풍정합(100m),최다풍향(16방위),평균 이슬점온도(°C),최소 상대습도(%),최소 상대습도 시각(hhmi),평균 상대습도(%),평균 증기압(hPa),평균 현지기압(hPa),최고 해면기압(hPa),최고 해면기압 시각(hhmi),최저 해면기압(hPa),최저 해면기압 시각(hhmi),평균 해면기압(hPa),가조시간(hr),합계 일조시간(hr),1시간 최다일사 시각(hhmi),1시간 최다일사량(MJ/m2),합계 일사량(MJ/m2),일 최심신적설(cm),일 최심신적설 시각(hhmi),일 최심적설(cm),일 최심적설 시각(hhmi),합계 3시간 신적설(cm),평균 전운량(1/10),평균 중하층운량(1/10),평균 지면온도(°C),최저 초상온도(°C),평균 5cm 지중온도(°C),평균 10cm 지중온도(°C),평균 20cm 지중온도(°C),평균 30cm 지중온도(°C),0.5m 지중온도(°C),1.0m 지중온도(°C),1.5m 지중온도(°C),3.0m 지중온도(°C),5.0m 지중온도(°C),합계 대형증발량(mm),합계 소형증발량(mm),9-9강수(mm),기사,안개 계속시간(hr)
114,원주,2021-01-01,-6.1,-12,656,-.3,1424,,,,,,,4.9,290,1411,2.4,290,1435,.6,561,90,-10.7,39,1233,71.3,2.8,1006.8,1028.6,1014,1024.2,1521,1026.3,9.7,7.4,1100,2.02,10.72,,,,,,1.3,0,-4.9,-17.2,,,,,,,,,,.8,1.2,,,
114,원주,2021-01-02,-4.9,-9,746,-.7,1425,,,,,,,7.1,290,1427,3.8,290,1441,1,838,230,-14.6,21,1346,53.4,2.1,1009.5,1031.5,2339,1025.7,6,1028.9,9.7,8.6,1200,1.93,11.59,,,,,,0,0,-5.1,-15.8,,,,,,,,,,1.3,1.9,,,
114,원주,2021-01-03,-5.6,-10.5,733,-1,1515,,,,,,,5.1,250,1226,2.4,290,1324,.7,636,90,-14.8,27,1150,50.5,2,1014.6,1036,922,1031.5,1,1034.1,9.7,5.6,1200,1.87,9.04,,,,,,3.1,0,-5.7,-16.9,,,,,,,,,,.8,1.2,,,
114,원주,2021-01-04,-3.9,-11.2,744,1.5,1450,,,,,,0,2.7,320,1355,1.7,290,1400,.5,441,20,-13.7,18,1345,50.8,2.2,1012.4,1035.1,256,1028,2244,1031.8,9.7,7.2,1200,1.74,9.84,,,,,,4.1,3.8,-4,-17.1,,,,,,,,,,1,1.4,,,
114,원주,2021-01-05,-3.8,-8.9,2347,-.7,1,,,,,,0,7.3,290,1344,3.7,270,1140,1.3,1090,270,-14.9,17,1401,46.5,2.2,1010,1031.6,958,1027.8,407,1029.3,9.7,7.9,1200,1.89,10.65,,,,,,2.3,1.4,-2.9,-16.3,,,,,,,,,,1.2,1.8,,,
114,원주,2021-01-06,-7.4,-13.7,751,-3.1,2036,,,,,,.4,9.2,180,2359,4.1,200,2042,1.1,923,200,-16.3,21,1550,52.8,1.8,1004.2,1029.8,244,1015.3,2359,1023.7,9.7,8.7,1200,1.95,11.47,,,,,,1.4,1.4,-6.1,-19.7,,,,,,,,,,1.2,1.6,,,
114,원주,2021-01-07,-12.6,-15.1,740,-4,4,,,,,,.5,12.4,290,251,5.3,290,135,2.5,2133,290,-23.8,27,1500,38.9,.9,1005.6,1028,949,1015.2,4,1025.6,9.7,8.7,1200,2.03,11.7,,,,,,2,.1,-3,-24.3,,,,,,,,,,.8,1.1,,,
114,원주,2021-01-08,-13.6,-17.8,806,-9.9,1558,,,,,,,7.5,290,1501,3.7,270,1453,1.2,1043,230,-24.4,30,1123,40,.9,1004.9,1027.6,741,1022.2,1612,1024.9,9.7,8.7,1200,2,11.75,,,,,,3.4,0,-5.3,-25.6,,,,,,,,,,.7,1,,,
114,원주,2021-01-09,-12.4,-18.4,652,-7.5,1425,,,,,,,6.9,250,1432,3.1,270,1437,1,827,270,-21.1,33,1215,49.8,1.2,1005.1,1027.5,2359,1022.3,1524,1025,9.8,8.7,1200,1.93,11.4,,,,,,3.6,0,-5.9,-24.5,,,,,,,,,,.7,1.1,,,
114,원주,2021-01-10,-9.6,-16.9,803,-3.7,1531,,,,,,,2.5,70,1415,1.7,50,1253,.4,364,90,-17.5,33,1234,54.8,1.6,1008.9,1030.7,938,1026.3,1519,1028.7,9.8,7.7,1200,1.94,11.18,,,,,,1.3,0,-5.3,-21.8,,,,,,,,,,.8,1.1,,,
114,원주,2021-01-11,-8.8,-12.8,528,-4.5,1542,,,,,,,2.5,50,245,1.5,50,249,.4,304,50,-13.6,51,1556,69,2.2,1007.7,1031.7,237,1023.7,2350,1027.4,9.8,.2,1200,.68,4.23,,,,,,8,1.6,-5.2,-20,,,,,,,,,,.3,.5,,,
114,원주,2021-01-12,-5.4,-13.2,724,.9,1604,,,,,,.1,4.4,230,1732,2.5,230,1708,.5,465,230,-9.9,46,1354,72.1,3.1,999.6,1023.9,19,1014.9,1640,1018.8,9.8,5.1,1100,2.02,9.01,,,,,,4.4,3.1,-4,-19.8,,,,,,,,,,.7,1,,,
114,원주,2021-01-13,2.2,-5.4,511,8.5,1507,,,,,,0,7.2,180,1248,3.9,230,1451,1.1,958,230,-2.1,43,1531,75.6,5.3,997,1018.7,2358,1012.3,1501,1015.6,9.8,5.1,1200,1.74,8,,,,,,3.1,1.9,-.2,-11.8,,,,,,,,,,1.1,1.6,,,
114,원주,2021-01-14,1,-4.1,744,7.4,1613,,,,,,,2.7,200,11,1.5,20,949,.4,357,20,-5.5,32,1428,65.3,4.1,1003.4,1025.2,932,1018.6,12,1022.2,9.9,8.1,1100,1.75,10.66,,,,,,.6,0,-.4,-10.7,,,,,,,,,,1.1,1.6,,,
114,원주,2021-01-15,4.4,-2.9,226,11.5,1447,,,,,,0,9,180,1225,4.3,200,1229,1.4,1183,230,-1,53,1033,68.3,5.9,998,1021.8,129,1011.1,1427,1016.5,9.9,.7,1200,.64,2.99,,,,,,9.1,4.8,.3,-7.9,,,,,,,,,,.8,1.2,,,
114,원주,2021-01-16,-2.3,-5.7,2351,2.2,1,,,,,,0,6.8,180,1309,3.6,200,1312,1.7,1450,200,-8.8,29,1637,61.4,3.2,1005.4,1027.5,2338,1018.5,14,1024.5,9.9,5.5,1300,1.49,7.21,,,,,,4.6,3,-1.6,-9.4,,,,,,,,,,.9,1.2,,,
114,원주,2021-01-17,-5,-10.1,805,-1.5,1608,,,,,,0,5.4,230,1441,2.6,250,1433,1,862,230,-14.8,26,1344,47.6,2.1,1008.1,1031.2,936,1023.8,2309,1027.5,9.9,8.2,1200,2.05,11.68,,,,,,4.5,3.3,-4.7,-15.9,,,,,,,,,,1,1.5,,,
114,원주,2021-01-18,-3.1,-6.7,2341,.8,1342,,,,,,.4,11.9,290,1534,5,290,1817,1.4,1247,270,-9.4,29,1814,65.6,3.3,1002.1,1028,2343,1016.1,1357,1021.2,10,.8,1100,.7,3.55,,,,,,5.6,3.9,-2.2,-12.5,,,,,,,,,,.6,.9,,,
114,원주,2021-01-19,-6.9,-12.5,746,-1.2,1622,,,,,,,3.4,290,1,2,290,6,.6,559,20,-16.3,20,1418,50.5,1.7,1013,1034.4,1058,1027.8,1,1032.6,10,8.9,1200,2.06,12.16,,,,,,1.9,0,-5.4,-17.1,,,,,,,,,,1,1.5,,,
114,원주,2021-01-20,-3.4,-10.6,724,6.2,1529,,,,,,,2.2,270,1246,1.3,20,550,.4,365,20,-11.6,24,1402,56.1,2.6,1011.8,1034.6,536,1028,1715,1031.2,10,8.8,1200,1.95,11.34,,,,,,1,0,-4.2,-15.3,,,,,,,,,,1.2,1.7,,,
114,원주,2021-01-21,2.6,-3.8,2,7.8,1520,,,,,,3.8,2.5,250,1058,1.5,250,1104,.4,309,250,-2.7,43,1236,70.3,5.3,1005.3,1029.5,1,1020.6,2311,1024.1,10,1,1000,1.15,5.13,,,,,,9.3,7.8,.6,-8.6,,,,,,,,,,.7,1,,,
114,원주,2021-01-22,5.5,3.2,406,8.1,1424,,,,,,.1,2,250,1546,1.3,160,1328,.3,262,50,4.2,83,1355,92,8.3,1001.3,1021,949,1018.2,1424,1019.7,10.1,0,1100,.82,4.1,,,,,,7.8,6.9,3.1,-.8,,,,,,,,,,.5,.7,,,
114,원주,2021-01-23,6,.5,742,13,1326,,,,,,,6.6,90,1518,3.1,70,1336,1,840,20,.8,46,1327,72.8,6.5,1002.5,1023.6,2256,1018.3,1403,1020.9,10.1,4.9,1100,1.51,8.16,,,,,,7.1,2.1,2.7,-4.1,,,,,,,,,,1.2,1.8,,,
114,원주,2021-01-24,4.7,-1.1,720,12.4,1559,,,,,,,3.7,20,1449,2.2,20,1458,.5,409,20,-.5,40,1445,71.5,5.9,1007.5,1028.6,2357,1023.5,1,1026.2,10.1,8.3,1200,2.06,12.13,,,,,,3.1,0,2.5,-6.6,,,,,,,,,,1.4,2,,,
114,원주,2021-01-25,4.5,-1.1,643,13.8,1558,,,,,,,2.4,50,953,1.5,50,956,.4,363,20,-1.4,30,1600,68.6,5.5,1007.9,1031,302,1022.9,1601,1026.6,10.1,8.1,1300,1.67,10.2,,,,,,6.1,1.5,2.3,-6.3,,,,,,,,,,1.3,1.9,,,
114,원주,2021-01-26,4.3,2.2,318,6.2,1716,,,,,,2.4,4.8,270,2351,2.6,270,2400,.6,537,50,1.1,64,549,79.9,6.7,1001.4,1023.3,1,1017.1,1625,1020,10.2,0,1400,.8,2.32,,,,,,8.8,7.1,2.3,-1.9,,,,,,,,,,.4,.6,,,
114,원주,2021-01-27,2.3,-1.2,749,6.6,1455,,,,,,,4.4,250,27,2.4,270,2,.7,616,200,-5.9,25,1451,59,4.1,1004.4,1025.3,912,1021.1,1,1023.2,10.2,8,1200,2.16,11.6,,,,,,5.9,.5,2.1,-7.3,,,,,,,,,,1.4,2,,,
114,원주,2021-01-28,-2.2,-7.7,2348,4.1,1051,,,,,,.7,15.7,270,1800,8,270,1535,2.7,2290,290,-10.8,21,1634,55.1,3,997.7,1022.3,2351,1011.4,1340,1016.7,10.2,2.3,900,.86,4.37,,,,,,6.6,3.1,-1.4,-9.9,,,,,,,,,,1.2,1.7,,,
114,원주,2021-01-29,-7.3,-10.8,746,-3.6,1632,,,,,,,8.2,270,111,4.2,270,1534,2,1768,270,-21.5,21,1345,32.3,1.1,1006.9,1028.6,2356,1022.3,2,1026.4,10.3,9.3,1200,2.27,13.86,,,,,,0,0,-4.8,-13.9,,,,,,,,,,1.3,1.9,,,
114,원주,2021-01-30,-4.3,-9.4,252,3.2,1609,,,,,,0,3.4,20,902,2.1,20,908,.6,558,20,-9,45,1,70,3.3,1007.3,1029.5,2351,1024.4,1347,1026.6,10.3,3.2,1400,1.24,5.58,,,,,,4.4,3.5,-2.9,-13.1,,,,,,,,,,.5,.8,,,
114,원주,2021-01-31,.6,-7.6,648,9.7,1431,,,,,,,6.4,200,1448,3.5,200,1427,.6,534,50,-5.5,26,1349,67.5,4.1,1008.6,1032.1,829,1022.6,2350,1027.6,10.3,8.4,1200,2.29,12.67,,,,,,2.8,.6,-1.3,-13.3,,,,,,,,,,1.4,2,,,
114,원주,2021-02-01,5,1.6,11,10.2,1510,,,,,,1.9,7.6,290,2348,3.8,270,2318,1.2,1026,270,.7,42,2354,75.6,6.7,997.9,1022.5,1,1012,1452,1016.4,10.3,1.8,1300,1.11,5.3,,,,,,7.3,5.3,2,-1.2,,,,,,,,,,1.1,1.6,,,
114,원주,2021-02-02,-3.6,-5.9,2353,2.3,1,,,,,,0,9.3,290,1709,5,290,1535,2.6,2208,270,-17,19,1225,37.8,1.8,1005.9,1027.1,2355,1019.4,1,1025.1,10.4,9.3,1200,2.33,14.26,,,,,,2,1,-1.2,-9,,,,,,,,,,1.6,2.3,,,
114,원주,2021-02-03,-3.1,-9.2,708,1.2,1537,,,,,,.8,6.6,270,47,3.3,270,53,1.3,1162,180,-12.5,30,1401,50.5,2.5,1006.6,1029.7,834,1021.2,2354,1025.9,10.4,9.1,1200,2.28,13.8,,,,,,3.3,1.6,-1.4,-14.6,,,,,,,,,,1.5,2.2,,,
114,원주,2021-02-04,-2.4,-5.4,740,.2,1519,,,,,,.4,6,270,1334,3.3,270,1320,1.4,1218,270,-12.6,27,1705,47.6,2.5,1007.7,1029.3,935,1020.4,43,1026.8,10.5,9.4,1200,2.45,13.88,,,,,,1.3,.1,-.4,-13.6,,,,,,,,,,1.4,2,,,
114,원주,2021-02-05,-.1,-4.4,1,5.6,1541,,,,,,,4.4,230,1523,2.6,250,1529,.6,504,90,-6.8,45,1625,61.5,3.8,1002.9,1027.5,218,1017.8,1747,1021.8,10.5,3.1,1300,1.5,8.18,,,,,,7,5.5,.2,-7.4,,,,,,,,,,.9,1.3,,,
114,원주,2021-02-06,5,-1.4,1,10.2,1544,,,,,,,5.9,230,1405,3.1,250,1410,.6,523,250,.1,56,1543,71,6.2,997.4,1018.6,1,1013.8,1609,1015.8,10.5,2.7,1300,1.37,7.13,,,,,,4.9,4.3,1.7,-5.5,,,,,,,,,,1,1.4,,,
114,원주,2021-02-07,5.7,.3,2343,10.3,1453,,,,,,0,8.2,270,1525,4.5,270,1529,1.6,1398,270,-3.3,25,1727,56.5,5.2,1001.7,1023.5,2359,1016.2,1,1020.2,10.6,5.9,1300,1.9,9.76,,,,,,3.3,.9,3.5,-6.7,,,,,,,,,,1.8,2.5,,,
114,원주,2021-02-08,-1.7,-4.4,713,1,1438,,,,,,,8.1,270,1516,4.3,270,1326,2,1764,270,-15.1,20,1434,37.3,2,1008.1,1029.5,2400,1023.5,1,1027.2,10.6,9.5,1200,2.42,15.22,,,,,,0,0,-.2,-9.5,,,,,,,,,,2,2.8,,,
114,원주,2021-02-09,-1.1,-6.5,650,4.6,1519,,,,,,,6.2,250,22,2.9,250,1509,1.1,935,270,-12.5,25,1520,43.4,2.4,1009.4,1030.6,917,1026,1639,1028.6,10.6,9.6,1200,2.39,14.89,,,,,,0,0,-.3,-11.6,,,,,,,,,,1.7,2.5,,,
114,원주,2021-02-10,1.7,-2.9,744,6.1,1339,,,,,,,4,290,1435,2.2,270,1444,.5,475,340,-4.7,49,1220,62.9,4.4,1007,1028,17,1023.7,1713,1025.9,10.7,.5,1200,1.51,6.27,,,,,,6.8,6.1,0,-7.9,,,,,,,,,,.8,1.1,,,
114,원주,2021-02-11,4.1,-1.8,648,10.9,1625,,,,,,,2.8,20,1206,1.4,20,1138,.5,410,50,-1.7,43,1446,67.9,5.4,1006.9,1028.5,1035,1022.8,1704,1025.6,10.7,8.3,1200,2.1,13.07,,,,,,5.6,1,3.4,-8,,,,,,,,,,1.4,2.1,,,
114,원주,2021-02-12,5.2,-1.3,734,13.7,1444,,,,,,,4,230,1542,1.9,270,1455,.4,383,250,-4,19,1409,56.8,4.6,1006.5,1026.4,836,1022.9,1525,1025.1,10.7,8.8,1200,2.36,14.36,,,,,,3.8,.9,3.9,-6.7,,,,,,,,,,2.1,3,,,
114,원주,2021-02-13,5.7,-1.9,645,15.7,1612,,,,,,,2.4,20,1231,1.5,20,1236,.4,361,20,-5.8,14,1642,49.6,4,1006,1028.3,800,1021.4,1630,1024.6,10.8,9.6,1200,2.34,14.79,,,,,,1.6,0,4.2,-7.6,,,,,,,,,,2.2,3.2,,,
114,원주,2021-02-14,8.4,3,151,14.2,1342,,,,,,0,3.1,290,1436,1.5,270,1709,.4,374,110,-1.9,31,1154,49.8,5.4,997,1022.3,1,1010.4,2345,1015.2,10.8,2,1100,1.78,6.81,,,,,,8.9,6.4,4.6,-2.9,,,,,,,,,,1.2,1.7,,,
114,원주,2021-02-15,2.6,-3.7,2355,8.4,422,,,,,,.3,10.9,250,1402,6.5,270,1357,2.4,2092,250,-5.7,35,1556,56.9,4.5,991.8,1017.1,2332,1007.3,1009,1010.3,10.8,3.3,1300,1.61,5.7,,,,,,5.9,5.1,2.6,-6.3,,,,,,,,,,1.2,1.7,,,
114,원주,2021-02-16,-4.6,-6.4,736,-2.8,1156,,,,,,.8,8.3,270,2224,3.7,270,2228,1.6,1341,290,-11.4,38,2207,59.4,2.6,997.2,1018.7,238,1014.3,1701,1016.4,10.9,2.5,1200,1.05,6.29,,,,,,2.5,2.1,-1.7,-11.1,,,,,,,,,,.9,1.2,,,
114,원주,2021-02-17,-7.4,-9.6,742,-4.5,1553,,,,,,,9.9,250,1446,5.2,270,1529,3.2,2792,270,-19.2,27,1549,38.6,1.4,998.3,1020.5,2245,1015.3,1439,1017.6,10.9,9.8,1200,2.47,15.83,,,,,,.9,.1,-2,-12.1,,,,,,,,,,1.5,2.1,,,
114,원주,2021-02-18,-6,-10,518,-1.7,1623,,,,,,,6.2,200,1221,3,320,1409,1.4,1187,270,-16.8,30,1543,42.9,1.7,1002.8,1023.5,2151,1020.1,117,1022.2,11,9.8,1200,2.58,16.51,,,,,,.6,0,-2.1,-14.1,,,,,,,,,,1.4,2,,,
114,원주,2021-02-19,0,-9.2,731,8,1730,,,,,,,6.4,200,1536,3,230,1620,.8,682,50,-6.9,42,1243,60.9,3.8,999.2,1024.2,204,1012,2357,1018.1,11,9.7,1200,2.43,15.66,,,,,,1.9,.9,.2,-13.1,,,,,,,,,,1.7,2.5,,,
114,원주,2021-02-20,8.4,2.6,13,14.7,1520,,,,,,,6.5,230,1623,3.2,250,1629,1.1,956,270,-1.4,26,1452,53.8,5.6,991.9,1012,1,1008.8,422,1010,11,8,1200,2.35,14,,,,,,2.9,2.3,4.4,-3.6,,,,,,,,,,2.3,3.3,,,
114,원주,2021-02-21,10,-.2,707,20.4,1521,,,,,,,8.3,230,1414,4.5,250,1422,1.1,986,250,-.3,29,1609,51.9,6.1,992.2,1012.4,210,1007.2,1611,1010.2,11.1,9.7,1200,2.33,14.93,,,,,,.1,0,6.1,-4.8,,,,,,,,,,2.8,4,,,
114,원주,2021-02-22,8.8,3,2358,16.1,1454,,,,,,,8.9,250,1530,4.8,270,1623,1.6,1349,250,-1,20,1940,52.8,6,995.5,1021.4,2400,1010.4,1359,1013.6,11.1,9.1,1200,2.29,14.26,,,,,,1.3,.3,6,-1.6,,,,,,,,,,2.8,4,,,
114,원주,2021-02-23,1.9,-1.2,654,6.4,1452,,,,,,,5.3,290,1405,2.9,270,1410,1.4,1213,230,-15.4,15,1505,28,1.9,1006.1,1027.2,937,1021.4,1,1024.9,11.1,9.9,1300,2.48,16.6,,,,,,.9,0,2.1,-8.8,,,,,,,,,,2.3,3.3,,,
114,원주,2021-02-24,2.7,-3,655,10.4,1547,,,,,,,3,290,1644,1.6,290,1725,.6,504,50,-13.1,10,1547,33.9,2.3,1006.7,1027.9,809,1022.5,1623,1025.4,11.2,8.6,1300,2.48,15.67,,,,,,6.9,.9,2.5,-8.6,,,,,,,,,,2.3,3.2,,,
114,원주,2021-02-25,3.5,-1.3,728,8.5,1603,,,,,,,3.4,20,1651,1.9,20,1653,.4,349,50,-7.9,33,1433,43.8,3.4,1005.5,1026.1,907,1021.4,1607,1024.2,11.2,0,1100,.99,5.88,,,,,,9.6,2.8,1.8,-7.1,,,,,,,,,,.9,1.3,,,
114,원주,2021-02-26,6.4,-1.8,703,14.8,1409,,,,,,,7.7,20,1324,4.4,20,1523,1.2,1046,20,-6.2,17,1410,45.1,3.9,1005.7,1027.5,2353,1020.3,1450,1024.2,11.3,9.4,1200,2.67,17.12,,,,,,4.5,0,3.7,-8,,,,,,,,,,2.9,4.2,,,
114,원주,2021-02-27,6.9,-.1,651,13.7,1528,,,,,,,6.5,140,1801,3.1,160,1802,1.2,1008,160,-3.5,29,1506,50,4.7,1010.7,1030.7,838,1027.4,1526,1029.3,11.3,10.1,1200,2.69,17.24,,,,,,3.6,0,4.6,-6.1,,,,,,,,,,2.8,4,,,
114,원주,2021-02-28,7.3,-1.1,657,14.1,1417,,,,,,0,4.4,270,1421,2.8,290,1428,.8,679,320,-4.3,22,1422,47.3,4.4,1007.8,1030.8,135,1022.3,2358,1026.3,11.3,5.6,1100,2.52,13.4,,,,,,4.9,2,5.5,-7.6,,,,,,,,,,1.9,2.7,,,
114,원주,2021-03-01,5.4,.5,2311,12.3,1140,,,,,,55.5,10.1,20,1754,5.2,20,1914,1.8,1586,20,3.5,42,130,88.3,8,996.8,1022.2,1,1009.2,1545,1015.2,11.4,0,1400,.23,1.24,,,,,,10,5.3,5.1,-.4,,,,,,,,,,.4,.6,,,
114,원주,2021-03-02,1.9,-.3,2400,5.7,1556,,,,,,.7,4.6,20,25,2.2,20,41,.8,725,20,-2.4,48,1704,74.1,5.1,1006,1029.8,2321,1015.4,1,1024.9,11.4,3,1300,2.34,11.92,,,,,,4.8,2.9,3,-6.2,,,,,,,,,,1.2,1.7,,,
114,원주,2021-03-03,2.9,-3,653,8.9,1627,,,,,,,4,230,1233,2,230,1418,.7,622,50,-3.4,28,1623,66.5,4.8,1011,1033.2,852,1027.1,1712,1029.8,11.5,10.3,1100,2.51,16.98,,,,,,4.1,.9,3.7,-7.9,,,,,,,,,,1.8,2.6,,,
114,원주,2021-03-04,4.8,-.1,328,10.4,1536,,,,,,,2.7,50,1629,1.4,50,1634,.3,292,50,-.6,49,1353,69.6,5.9,1006.3,1028.5,1,1021.7,1728,1024.9,11.5,.1,1100,1.21,8.29,,,,,,7.8,.3,4.3,-5.2,,,,,,,,,,1,1.5,,,
114,원주,2021-03-05,7.9,-.2,700,16.4,1614,,,,,,,3.8,290,1534,2.2,270,1537,.6,516,250,1,34,1525,66.3,6.6,1002.6,1023.1,1,1017.4,1450,1020.9,11.5,10.4,1200,2.79,18.79,,,,,,1,0,6.8,-6.2,,,,,,,,,,2.5,3.6,,,
114,원주,2021-03-06,5.7,3.3,2358,9.2,1035,,,,,,,7.6,20,1148,4.4,20,1155,1.5,1268,20,-1.1,49,1023,62.5,5.7,1009.3,1031.4,2323,1022.4,1,1027.9,11.6,2.3,1000,1.81,7.88,,,,,,7.5,5.9,5.4,-.7,,,,,,,,,,1.4,2,,,
114,원주,2021-03-07,6.1,1.1,703,11,1428,,,,,,,4.8,270,1517,2.6,270,1526,1.2,1074,20,-1.6,39,1414,59.1,5.5,1009.7,1031.2,1,1025.3,1539,1028.2,11.6,8.9,1100,2.55,16.99,,,,,,5.1,1.8,6.3,-2.6,,,,,,,,,,2.2,3.1,,,
114,원주,2021-03-08,6.4,-.1,650,13.9,1522,,,,,,,4.7,290,1549,2.9,290,1407,.8,669,290,-1.8,27,1405,60,5.4,1008.2,1029.5,900,1024,1453,1026.7,11.7,10.4,1200,2.78,18.41,,,,,,.1,0,6.2,-6.3,,,,,,,,,,2.8,4,,,
114,원주,2021-03-09,6.7,.4,628,13.1,1640,,,,,,,5.9,230,1821,3.2,250,1822,.9,813,50,-3,25,1248,53,4.9,1007,1027.5,909,1022.4,1600,1025.5,11.7,9.1,1100,2.37,16.06,,,,,,3.8,0,6,-4.9,,,,,,,,,,2.4,3.4,,,
114,원주,2021-03-10,7.8,-.1,655,16.7,1555,,,,,,,4.7,290,1734,2.6,290,1648,.7,592,270,-2.5,22,1556,51.9,5.1,1009.9,1031.3,921,1025.6,1546,1028.4,11.7,10.5,1200,2.81,18.87,,,,,,0,0,6.8,-5.4,,,,,,,,,,2.9,4.1,,,
114,원주,2021-03-11,9.7,1.6,645,17.4,1513,,,,,,,4.5,250,1636,2.3,250,1639,.7,585,90,-4.3,13,1633,43.3,4.6,1007.5,1030.3,831,1022.2,2350,1025.8,11.8,9.4,1300,2.7,17.87,,,,,,7,1.5,8.8,-4.2,,,,,,,,,,2.9,4.1,,,
114,원주,2021-03-12,9.5,8,716,11.3,1115,,,,,,.6,10.6,20,2111,4.6,20,2229,1.8,1569,20,1.3,39,59,56.8,6.8,1003.5,1023,2230,1020.2,1505,1021.7,11.8,0,1300,.65,4.05,,,,,,8,5.4,7.4,5.4,,,,,,,,,,1.2,1.8,,,
114,원주,2021-03-13,9,2.6,632,14.7,1506,,,,,,,5.4,270,1824,2.9,270,1558,1,880,250,1.1,37,1315,61.1,6.6,1002.7,1024.4,819,1018.1,1718,1021,11.8,8.7,1200,2.7,17.16,,,,,,3.3,.6,9.5,-3.5,,,,,,,,,,2.4,3.4,,,
114,원주,2021-03-14,9,5.7,734,13.1,1524,,,,,,,4.3,320,1433,2.2,320,1439,.8,653,90,2.4,48,1523,64.6,7.3,1001.7,1021.9,836,1018.4,1654,1019.9,11.9,2.5,1000,1.93,10.05,,,,,,4.1,2.4,8.6,1.4,,,,,,,,,,1.4,2,,,
114,원주,2021-03-15,10.2,2.7,635,16.5,1425,,,,,,.2,6.5,270,1610,3.5,200,1242,1.1,980,270,2.4,35,1350,62.9,7.3,998.2,1020.3,759,1012.8,1700,1016.3,11.9,6,1100,2.63,15.28,,,,,,7.8,2.9,10,-3.2,,,,,,,,,,2.5,3.6,,,
114,원주,2021-03-16,10.3,5.4,2356,15.7,1545,,,,,,1.9,7.6,250,1650,4,230,1658,1.8,1543,230,-.8,17,1514,51.5,6.3,996.5,1018.4,2341,1011.5,356,1014.6,12,10.2,1300,2.98,20.73,,,,,,1.6,1.4,12.4,-1.8,,,,,,,,,,3.6,5.2,,,
114,원주,2021-03-17,8.9,1.3,656,17.3,1544,,,,,,,4.1,290,1546,2,270,1722,.7,619,50,-2.5,21,1632,48.5,5.1,1000.8,1020.9,858,1016.4,1609,1019.1,12,10.3,1200,2.9,20.11,,,,,,.8,0,10.1,-3.8,,,,,,,,,,3.1,4.5,,,
114,원주,2021-03-18,11.5,2.8,649,18.3,1625,,,,,,,6,160,2218,3.2,140,2224,.9,772,140,.7,31,1705,49.6,6.5,1001.3,1022.2,843,1016.3,1612,1019.3,12.1,9.1,1300,2.63,17.37,,,,,,4.9,1.4,10.8,-2.5,,,,,,,,,,3.2,4.6,,,
114,원주,2021-03-19,14.4,10.8,652,19.6,1539,,,,,,,7.4,160,107,4.5,160,58,2.1,1804,140,1.7,28,1455,43.5,6.9,1000.8,1021.7,909,1014.9,1713,1018.6,12.1,9.5,1200,2.72,18.95,,,,,,5.1,2.8,14.8,8.9,,,,,,,,,,4,5.7,,,
114,원주,2021-03-20,9.7,7.8,2344,12.8,1,,,,,,1.6,8.2,160,923,4.6,160,746,1.5,1297,230,3.8,36,648,70.1,8.2,995.2,1017.1,1,1011,1815,1013.2,12.1,0,1200,.39,2.83,,,,,,9.6,8.1,9.6,6.9,,,,,,,,,,.7,.9,,,
114,원주,2021-03-21,6.5,4.8,2349,9.5,1431,,,,,,0,10,290,1603,5.6,270,1414,2.7,2314,270,-.1,41,1929,65.3,6.3,995.6,1018.8,2355,1011.3,1343,1013.9,12.2,3.9,1300,2.23,11.04,,,,,,8.9,7.5,8.5,3.7,,,,,,,,,,2,2.9,,,
114,원주,2021-03-22,6.3,1.7,548,11.1,1258,,,,,,,9.9,290,1516,5.2,250,1423,2.4,2033,230,-6.1,20,1236,43.6,4,1001.6,1022.4,2317,1017.3,1509,1020,12.2,10.7,1200,3.2,21.11,,,,,,1.9,.3,8.1,-1.8,,,,,,,,,,3.2,4.5,,,
114,원주,2021-03-23,8.8,.6,637,16.9,1544,,,,,,,11.2,290,1621,6,290,1653,1.5,1290,230,-2.3,21,1600,49.8,5.2,1002.7,1023.7,812,1017.5,1540,1020.9,12.3,10.9,1200,2.93,20.25,,,,,,.6,0,9.1,-4.7,,,,,,,,,,3.6,5.1,,,
114,원주,2021-03-24,10.1,2.7,621,16.4,1522,,,,,,,6.9,290,1558,2.8,250,1519,1,845,270,-2,17,1940,46.8,5.3,1002.4,1022.8,626,1017.1,1642,1020.6,12.3,8.4,1300,2.95,18.46,,,,,,3.9,.5,10.8,-2.9,,,,,,,,,,3.2,4.6,,,
114,원주,2021-03-25,12.1,5,628,19.1,1516,,,,,,,6.8,270,2005,3.1,270,2005,1.1,931,270,1.2,27,1453,50.5,6.7,1002.8,1022.8,918,1018,1625,1020.8,12.3,10.4,1200,3,21,,,,,,2.9,.5,13,-1,,,,,,,,,,3.7,5.3,,,
114,원주,2021-03-26,12.9,4.6,636,21,1517,,,,,,,3.6,290,1550,2.2,290,1558,.6,487,290,-1.1,15,1344,43.3,5.7,1002.5,1024.4,803,1017.1,1707,1020.5,12.4,8.9,1100,2.76,18,,,,,,3.6,.1,12.4,-1.6,,,,,,,,,,2.9,4.2,,,
114,원주,2021-03-27,12.8,7.9,539,17.8,1031,,,,,,7.8,7.5,200,957,4.3,140,2111,1.6,1384,160,4.3,23,1130,60.5,8.9,993,1019,1,1001.6,2356,1010.8,12.4,.4,1000,1.51,6.49,,,,,,9.6,5.3,10.4,3.3,,,,,,,,,,1.7,2.4,,,
114,원주,2021-03-28,10.6,8.9,1208,15,350,,,,,,4,12.3,290,504,4.3,270,511,1.4,1244,230,8.6,78,656,87.8,11.2,985.3,1005.3,1952,998.9,443,1003.1,12.5,0,1200,.31,1.72,,,,,,9.4,9.4,10.6,8.7,,,,,,,,,,.7,1,,,
114,원주,2021-03-29,11.2,7.7,2355,16.2,1443,,,,,,.9,8.8,270,1401,4.8,270,1408,1.9,1622,270,.3,22,1602,51.6,6.6,990.1,1011.2,2355,1004.4,1,1008,12.5,8,1200,2.81,19.04,,,,,,6,3.1,11.9,1.9,,,,,,,,,,3.2,4.6,,,
114,원주,2021-03-30,11.1,2.6,639,18.6,1555,,,,,,,5,270,1447,2.6,270,1450,.9,774,230,-2.8,17,1420,43.3,5.1,994.5,1015.6,2355,1010,1642,1012.5,12.5,11,1200,3.18,23.46,,,,,,0,0,11.9,-2.7,,,,,,,,,,4.2,6.1,,,
114,원주,2021-03-31,13.5,4,629,22.9,1453,,,,,,,3.2,290,1316,1.7,270,1440,.7,567,20,-2.6,9,1555,39.3,5.2,996.5,1016.3,737,1011.3,1527,1014.4,12.6,11.2,1200,3.11,22.5,,,,,,3.1,0,13,-2.6,,,,,,,,,,4.4,6.3,,,
114,원주,2021-04-01,15.7,7.6,630,22.5,1439,,,,,,,7.6,180,1349,3.1,90,1513,1.4,1168,90,-2.7,14,1039,31.5,5.1,1001.4,1021.9,2259,1015.6,1,1019.2,12.6,9.6,1100,2.9,19.81,,,,,,5.3,1.1,13.6,1.7,,,,,,,,,,4.5,6.4,,,
114,원주,2021-04-02,17.5,9.9,619,24.2,1547,,,,,,,8.1,140,1241,4.8,160,1250,2,1691,140,2.4,19,1128,37.8,7.5,1001.4,1022.7,817,1016.2,1535,1019,12.7,6.9,1200,3.34,19.92,,,,,,6.1,4.4,16.1,4.4,,,,,,,,,,4.7,6.7,,,
114,원주,2021-04-03,15,10.4,2328,19.1,1024,,2.4,2151,9.9,2151,53.5,7.8,140,949,4,140,932,2,1699,20,10.5,52,1,77.1,12.9,994.8,1017.5,1,1009.1,1748,1012.5,12.7,0,1100,.45,2.33,,,,,,8.3,7.1,13.8,9.4,,,,,,,,,,.9,1.3,,,
114,원주,2021-04-04,10.2,6.2,2359,13.7,1432,,.3,200,.6,-2331,1.9,10.3,50,714,5,20,731,2.5,2159,20,3.2,44,1441,63.4,7.8,997.8,1021.7,2352,1010.5,1,1015.9,12.7,1.6,1300,2.72,12.37,,,,,,6.9,6.1,11.9,2.5,,,,,,,,,,2.2,3.2,,,
114,원주,2021-04-05,10.4,2.2,634,17.8,1511,,,,,,,5.4,50,1435,2.4,270,1747,.8,712,50,-2.4,17,1107,46.1,5.2,1004,1025.2,735,1018.8,1644,1022.2,12.8,11.6,1200,3.37,25.15,,,,,,1,.9,12.5,-3.4,,,,,,,,,,4.3,6.1,,,
114,원주,2021-04-06,13.4,6.5,531,20.5,1456,,,,,,,9.7,250,1543,3.7,270,1544,1.4,1191,290,.5,19,1553,44.9,6.4,1001.5,1022.2,727,1015.6,1647,1019.4,12.8,10.5,1100,3.16,22.17,,,,,,5,3.1,13.3,.8,,,,,,,,,,4.5,6.4,,,
114,원주,2021-04-07,13.6,6.2,623,20.6,1534,,,,,,,9.8,290,1624,4.3,270,1833,1.5,1279,270,-.1,17,1619,43.8,6.2,1001,1022,632,1015.5,1651,1018.8,12.9,11.5,1200,3.22,23.76,,,,,,1.8,0,13.7,-.1,,,,,,,,,,4.7,6.8,,,
114,원주,2021-04-08,12.3,5.5,632,18.6,1435,,,,,,,7.1,230,1530,3.7,290,1639,1.2,1052,270,-2.6,16,1645,38.8,5.1,999.8,1019.8,2346,1014.6,1637,1017.8,12.9,11.7,1200,3.33,24.66,,,,,,.1,0,14,-.7,,,,,,,,,,4.6,6.6,,,
114,원주,2021-04-09,11.1,4.7,544,17.5,1620,,0,,0,,0,8.2,140,1825,4.4,160,1708,1.4,1252,140,-.8,26,1336,45.5,5.8,1006.9,1029.8,2355,1019.8,1,1025.1,12.9,8,1100,3.05,18.93,,,,,,4.7,1.9,12.3,-1.3,,,,,,,,,,3.4,4.9,,,
114,원주,2021-04-10,11.9,4.5,636,18.2,1457,,,,,,,8.5,200,11,4.3,160,35,1.3,1085,110,.3,23,1708,47.3,6.2,1012.2,1032.9,857,1027.9,1734,1030.4,13,11.6,1200,3.23,23.88,,,,,,.6,0,14.7,.6,,,,,,,,,,3.6,5.1,,,
114,원주,2021-04-11,14.2,5.7,559,21.5,1446,,,,,,,5.3,290,1554,2.7,290,1534,.8,708,50,1.5,22,1532,46.3,6.9,1011,1032.6,818,1025.8,1716,1029.1,13,11,1200,3.11,22.11,,,,,,1.5,.4,15.9,0,,,,,,,,,,3.8,5.5,,,
114,원주,2021-04-12,14.2,12.3,1539,17.2,1117,,.4,1648,1.7,1640,8.9,9.1,140,1716,4.9,140,1723,1.8,1586,140,5.9,28,834,61.3,9.7,1000.3,1026.7,8,1008.3,2351,1018.1,13.1,0,1000,.94,5.43,,,,,,8.8,4.9,12.5,9.5,,,,,,,,,,1.3,1.8,,,
114,원주,2021-04-13,11.6,6.5,2347,15.9,1325,,.5,305,2,253,6.5,8.4,250,1533,4.6,250,1346,2.2,1892,230,6.4,39,1554,72.4,9.9,994,1017.1,2359,1007.1,218,1011.9,13.1,6.8,1300,2.98,17.1,,,,,,5.9,3.6,14.4,3.8,,,,,,,,,,3,4.2,,,
114,원주,2021-04-14,9.1,3.6,558,15.6,1447,,,,,,,8.8,270,1602,5.3,270,1606,1.7,1489,230,-2.9,17,1519,47.1,5,1000.3,1021,2337,1016.1,1557,1018.5,13.1,12.1,1200,3.46,26.57,,,,,,.8,.5,12.7,-2.9,,,,,,,,,,4.4,6.3,,,
114,원주,2021-04-15,10.8,3.4,522,18.6,1525,,,,,,,6.4,290,1416,3.4,250,1609,1.1,958,320,-1.9,15,1645,47.4,5.4,1000.3,1021.7,643,1014.6,1835,1018.4,13.2,11.1,1200,3.43,25.56,,,,,,3.6,0,13.5,-1.4,,,,,,,,,,4.5,6.4,,,
114,원주,2021-04-16,11.1,7,457,14.1,1553,,0,,0,,0,7.3,230,1204,3.7,230,1212,1.2,1054,230,4.1,41,819,63,8.3,998.3,1018.3,2208,1014.6,759,1016.3,13.2,1.2,1600,.81,5.4,,,,,,7.6,3.8,9.7,2.1,,,,,,,,,,1.2,1.8,,,
114,원주,2021-04-17,8.5,4.7,550,14.4,1128,,1.2,1605,1.2,1515,1.2,13.6,290,1446,4.3,290,1450,1.2,1075,230,1.4,26,1107,63.9,6.9,996.6,1018.4,45,1012,1709,1014.7,13.2,5.9,1000,2.48,14.33,,,,,,4,1.4,9.7,-1.3,,,,,,,,,,2.2,3.1,,,
114,원주,2021-04-18,9.8,4.5,542,15.8,1701,,,,,,,8.4,270,1408,4,270,1542,1.5,1329,230,1.1,28,1518,58,6.6,997.7,1017.9,2358,1013.2,1551,1015.8,13.3,8,1300,3.43,21.37,,,,,,3.6,2.1,12,-.3,,,,,,,,,,3.6,5.2,,,
114,원주,2021-04-19,12.8,4,513,20.6,1530,,,,,,,7.9,200,1648,3.7,270,1623,1.2,1042,230,2,24,1639,52,7.1,999.4,1019.3,2359,1014.1,1632,1017.3,13.3,12.1,1200,3.28,25.29,,,,,,0,0,15.1,-3,,,,,,,,,,4.4,6.3,,,
114,원주,2021-04-20,15.6,6.6,604,23.9,1434,,,,,,,5.3,320,1507,2.9,290,1550,.8,720,110,3.8,22,1355,50.4,8.1,1002.7,1022.2,928,1017.5,1644,1020.4,13.4,11.5,1200,3.24,24.73,,,,,,1.9,0,18,-.3,,,,,,,,,,4.3,6.2,,,
114,원주,2021-04-21,19,9.1,607,28.4,1453,,,,,,,4.1,250,1742,2.2,250,1642,.7,576,270,4.2,11,1534,43.3,8.3,1003.4,1023.8,756,1017.3,1648,1020.9,13.4,11.5,1200,3.23,24.45,,,,,,3.9,.3,20.6,2.6,,,,,,,,,,4.8,6.9,,,
114,원주,2021-04-22,21.5,14.4,520,28.7,1358,,,,,,,7,160,1744,3.8,110,1454,1.6,1409,160,2.5,12,1435,33,7.6,1001.3,1022,335,1015.4,1616,1018.7,13.4,4.9,1200,2.93,18.53,,,,,,9.1,4.5,20.8,10.6,,,,,,,,,,5,7.2,,,
114,원주,2021-04-23,18.7,16,2337,21.2,1,,0,,0,,0,7.8,110,1153,3.7,70,1411,1.3,1133,70,-.4,15,1316,28.4,6,1002.1,1021.7,2327,1017.6,208,1019.6,13.5,0,1100,.92,6.06,,,,,,10,6.3,16.2,12.3,,,,,,,,,,2.6,3.8,,,
114,원주,2021-04-24,17.2,12.8,603,23.3,1429,,,,,,,6.3,270,1514,3.2,320,1530,1,852,20,0,12,1528,34.6,6.3,1001.8,1022.1,817,1017,1752,1019.4,13.5,6.1,1100,3.14,18.74,,,,,,5.8,3,19.2,6.1,,,,,,,,,,4.1,5.9,,,
114,원주,2021-04-25,16.4,9.7,407,21.9,1537,,,,,,,7.3,20,949,3.9,20,1034,1.7,1457,20,2.7,26,1442,42.6,7.5,1001.8,1021.5,2354,1017.1,1520,1019.6,13.5,11.3,1200,3.38,26.03,,,,,,1,.1,21.1,3.5,,,,,,,,,,5,7.1,,,
114,원주,2021-04-26,15.5,8,613,21.5,1617,,,,,,,5.3,290,1653,3.2,290,1659,1.1,970,290,.5,17,1149,40.1,6.5,1003.1,1023.3,724,1018.3,1856,1020.8,13.6,12.5,1200,3.29,26.44,,,,,,3,0,21.1,0,,,,,,,,,,4.7,6.8,,,
114,원주,2021-04-27,15.2,10.3,600,19.5,1512,,0,,0,,0,7.1,230,1525,3.1,200,1531,.9,797,230,5.1,35,1713,52.1,8.8,1000,1021.1,10,1014.8,1603,1017.7,13.6,1,1000,1.53,10.67,,,,,,9,4.4,17.1,5.8,,,,,,,,,,2.3,3.2,,,
114,원주,2021-04-28,15.8,12.5,2312,20.7,1312,,0,,0,,0,9.3,320,1343,3.7,290,1346,1.5,1291,230,3.9,19,1655,49,8.4,998.1,1017.5,818,1014.2,1707,1015.7,13.6,6.8,1100,2.98,20.33,,,,,,6,1.9,19.7,6.7,,,,,,,,,,3.6,5.2,,,
114,원주,2021-04-29,13.7,9.3,506,17.9,1654,,1.2,1317,2.2,2242,4,5.3,340,1213,2.8,20,1335,.9,814,90,5.2,42,907,57.6,8.9,988.6,1014.3,1,1002.9,2358,1006.3,13.7,3.9,1400,2.36,12.73,,,,,,8.6,1.5,17.8,6.1,,,,,,,,,,1.9,2.7,,,
114,원주,2021-04-30,10.7,8,704,13.1,1427,,1.3,413,4.4,337,12.9,8.9,270,522,3.8,290,530,1.2,1027,290,7.4,66,1624,80.9,10.3,986.5,1008.5,2211,995.8,401,1004.3,13.7,.2,1400,.9,5.25,,,,,,9.8,5.1,12.3,6.8,,,,,,,,,,.9,1.3,,,
114,원주,2021-05-01,9.5,7.9,1711,11.2,1026,,1.3,1649,4.8,1606,9.6,6.8,290,1642,3.2,270,1646,.9,799,270,6.8,69,1035,83.9,9.9,987.5,1009.1,2356,1003.5,544,1005.4,13.7,0,1000,.98,4.52,,,,,,9.9,4.4,11.9,6.9,,,,,,,,,,.9,1.4,,,
114,원주,2021-05-02,12.2,7.2,328,18.5,1531,,.1,,.6,-2331,.6,6.6,250,1620,3.1,250,1624,1.1,943,270,4.9,35,1659,64.3,8.7,997.8,1020.2,2340,1009.1,1,1015.7,13.8,10.3,1200,3.38,25.42,,,,,,3.8,1.8,16.3,4.5,,,,,,,,,,4.1,5.8,,,
114,원주,2021-05-03,13.9,6.4,501,20.6,1611,,,,,,,6.7,290,1656,3.2,290,1428,1,872,290,2.9,21,1611,52.4,7.6,1000,1021.1,653,1014.6,1757,1017.8,13.8,12.2,1200,3.51,27.58,,,,,,2.6,0,17.5,-.1,,,,,,,,,,4.5,6.5,,,
114,원주,2021-05-04,14.8,10.1,520,20.8,1625,,.5,1927,1.4,2313,3.4,6.4,140,1756,3.2,110,1917,1,861,50,10.3,53,1633,75.5,12.7,992,1017.7,4,1002.5,2337,1009.6,13.8,.7,1300,1.63,7.06,,,,,,9.3,5.4,15.3,6.8,,,,,,,,,,1.7,2.4,,,
114,원주,2021-05-05,14.6,9,2349,19.4,1420,,1.1,145,2.9,115,5.6,11.4,290,1213,4.6,250,1137,2.1,1833,230,3.2,22,1640,51.8,8.3,994.3,1019.1,2356,1002.4,36,1012,13.9,11.6,1200,3.59,27.31,,,,,,2.6,1.4,18.7,1.9,,,,,,,,,,4.7,6.7,,,
114,원주,2021-05-06,14.7,5.4,544,22.7,1538,,,,,,,6.4,180,1459,3.5,180,1459,1.1,922,20,2.8,25,1324,48.6,7.5,998.2,1020.3,645,1012.5,2355,1016,13.9,11.7,1100,2.86,24,,,,,,5,.1,17.2,-.1,,,,,,,,,,4.2,5.9,,,
114,원주,2021-05-07,14,9.2,515,19.1,929,,3.2,1114,4.9,1040,4.9,10.4,290,1114,5,230,1107,1.8,1557,230,5.5,33,1451,59.4,9.2,989.1,1012.5,1,1002.5,1020,1006.7,13.9,5.6,1400,2.83,13.91,,,,,,6,2.3,15.5,5,,,,,,,,,,2.7,3.9,,,
114,원주,2021-05-08,14.8,7.5,515,22.2,1458,,,,,,,11.2,230,1803,4.8,290,1941,1.9,1610,230,6,31,1622,58,9.4,986.9,1009,107,998.4,1712,1004.5,14,9.5,1200,3.17,23.31,,,,,,2.9,.3,17,2.3,,,,,,,,,,4.3,6.1,,,
114,원주,2021-05-09,15.7,9.2,540,21.7,1424,,,,,,,11.8,290,1156,5.7,270,1546,2.1,1793,270,1.1,19,1610,42.8,6.8,991.5,1012,2353,1006.1,1,1009,14,13,1200,3.53,28.53,,,,,,.3,.3,18.9,3.6,,,,,,,,,,5.7,8.1,,,
114,원주,2021-05-10,11.5,9.2,403,13.2,1212,,.2,,.2,,.2,9.2,230,609,5.4,200,617,.8,672,50,6.7,47,1,72.9,9.9,996.1,1016.5,920,1010.9,301,1014.1,14,0,1100,.78,4.29,,,,,,8.4,5,11.9,3.5,,,,,,,,,,1.2,1.7,,,
114,원주,2021-05-11,17.2,7.9,537,25.6,1516,,,,,,,8.8,140,1812,4,180,1922,1.3,1166,160,4.1,21,1239,48.5,8.3,996.3,1015.7,451,1010.9,1541,1013.8,14.1,11.4,1200,3.46,25.43,,,,,,6.6,.1,19,3.5,,,,,,,,,,5.2,7.4,,,
114,원주,2021-05-12,19.4,12,446,26.7,1657,,,,,,,4.6,320,1658,2.5,110,1016,.9,806,250,4.9,21,1024,41.4,8.9,995,1014.8,317,1008.9,1708,1012.3,14.1,12.3,1000,3.22,25.01,,,,,,3.5,.6,21.8,6.4,,,,,,,,,,5,7.2,,,
114,원주,2021-05-13,21.3,12.8,510,29.3,1615,,,,,,,6.7,360,1338,2.6,270,1516,.8,701,250,10.8,30,1147,54.9,13,993.7,1013.2,658,1008.2,1716,1010.9,14.1,12.9,1200,3.41,27.46,,,,,,.4,0,24.7,7.2,,,,,,,,,,4.9,7,,,
114,원주,2021-05-14,23,15.9,511,29.2,1430,,,,,,,5.1,290,1450,2.5,290,1454,.9,764,290,14.1,39,1721,59.8,16.1,993.7,1013.9,649,1008.5,1727,1010.8,14.1,10.3,1100,3.08,22.28,,,,,,6.9,1.6,24.8,11.3,,,,,,,,,,4,5.6,,,
114,원주,2021-05-15,21.5,19.5,746,23.4,231,,1,2016,1.8,1926,2.1,4.7,160,748,3.1,20,1144,1.1,921,20,16.6,51,230,75,19,989.5,1009.6,1,1003.9,1846,1006.6,14.2,0,1100,1.47,8,,,,,,9.5,5.9,21.6,17.9,,,,,,,,,,1.5,2.1,,,
114,원주,2021-05-16,18.4,13.8,2308,21.9,441,,1.8,327,6.2,1125,45.1,5.8,140,344,3.1,180,602,1.3,1109,360,17.2,84,441,92.9,19.9,984,1004.8,1,999.1,1736,1001.3,14.2,0,1400,.5,2.96,,,,,,7.5,4.8,19.9,13.5,,,,,,,,,,.7,1,,,
114,원주,2021-05-17,15,12.9,220,17,1552,,.7,1411,2.7,1355,10.8,3.4,50,224,2,290,1631,.6,504,320,13.8,88,1600,93.1,15.8,989.2,1010.5,2206,1002.9,1,1006.8,14.2,0,1000,.81,4.21,,,,,,8.5,4.9,17,12.5,,,,,,,,,,.8,1.2,,,
114,원주,2021-05-18,17.4,13.4,449,22.9,1543,,,,,,,4.7,270,1622,2.7,270,1622,.9,766,320,12.7,49,1701,75.8,14.7,992.9,1012.3,853,1008.4,1654,1010.4,14.3,7.1,1300,3.48,21.27,,,,,,4.5,3.5,20.9,9.8,,,,,,,,,,3.5,4.9,,,
114,원주,2021-05-19,19.5,12.4,607,26.3,1500,,,,,,,5.6,200,1508,3.3,200,1527,.8,682,110,10.2,27,1557,60.1,12.5,994.3,1013.6,757,1009.4,1841,1011.7,14.3,11.1,1200,3.58,28.16,,,,,,3.8,1.9,23.1,7.3,,,,,,,,,,5,7.1,,,
114,원주,2021-05-20,18.4,14.5,2327,23,1357,,.6,2319,1.7,2247,2.5,8.8,70,1546,4.1,50,1604,1.1,942,50,10.7,33,1403,64,12.9,987.8,1012,48,999.2,1953,1005.1,14.3,0,1100,1,6.18,,,,,,9.5,5.6,17.4,13.1,,,,,,,,,,1.7,2.5,,,
114,원주,2021-05-21,15.4,12.8,2356,18,1507,,.6,541,2.2,454,8,5.2,20,1256,2.8,20,1245,1.2,1003,20,12.2,61,1757,82.4,14.2,987.9,1010.5,2351,1000.5,307,1005.4,14.3,0,1400,1.06,7.55,,,,,,8,3.1,17.7,7.4,,,,,,,,,,1.4,2.1,,,
114,원주,2021-05-22,18.2,12.6,36,25,1626,,,,,,,5.8,290,1604,2.4,270,1731,.9,786,250,12.1,47,1723,69.8,14.2,993.1,1012.2,2336,1007.7,1604,1010.4,14.4,8.9,1200,3.54,23.81,,,,,,4.6,4.1,20.9,7.9,,,,,,,,,,3.9,5.6,,,
114,원주,2021-05-23,19.7,12.8,520,25.5,1342,,,,,,,5.2,290,1314,2.8,290,1530,.8,668,200,12.4,38,1410,65.3,14.4,993.2,1013.3,657,1007.9,1900,1010.5,14.4,7.8,1000,3.08,21.8,,,,,,7.6,1.3,21.7,7.3,,,,,,,,,,3.5,5,,,
114,원주,2021-05-24,19.5,15.4,2354,24.8,1549,,,,,,,9.3,290,1550,3.3,290,1729,1.2,1017,290,7.4,21,1811,48.4,10.6,989.9,1009.4,2,1004.6,1542,1007.2,14.4,8.1,1300,3.38,23.19,,,,,,4.5,1.9,22.6,9.4,,,,,,,,,,4.5,6.5,,,
114,원주,2021-05-25,14.4,11.3,2342,19.1,1533,,.8,643,2.3,624,3.8,10.3,250,1447,4.3,270,1430,1.4,1240,270,7.3,40,1619,64.8,10.3,989.4,1010.9,2350,1004.7,1414,1007,14.4,6.5,1300,3.01,17.09,,,,,,4.5,1.8,16.4,4.5,,,,,,,,,,3,4.4,,,
114,원주,2021-05-26,16.3,8.5,509,23.2,1504,,0,,0,,0,7.6,200,1412,3.6,200,1420,1.1,921,230,7.2,25,1232,60.9,10.3,990.6,1012.2,714,1004.9,1805,1008.1,14.5,7.2,1100,3.51,21.08,,,,,,7.4,2.5,19.8,3.9,,,,,,,,,,3.7,5.2,,,
114,원주,2021-05-27,15.1,13.2,2353,18.7,1532,,1.1,909,3,819,4.2,6.2,250,1639,2.8,230,1627,.8,712,250,11.6,66,307,80,13.8,984.6,1005.7,2331,1000,736,1002.1,14.5,1.7,1600,1.58,6.49,,,,,,8,5.1,16.4,7.3,,,,,,,,,,1.1,1.6,,,
114,원주,2021-05-28,14.2,11.6,139,18.2,1652,,1.5,936,5.3,936,13.6,11.6,160,1218,4.8,160,1223,1.3,1160,230,10.8,65,1547,81.1,13,983.9,1006.8,535,997.1,1803,1001.5,14.5,2.2,1500,1.99,7.84,,,,,,7.5,4.8,15.8,5.7,,,,,,,,,,1.7,2.5,,,
114,원주,2021-05-29,15.7,12.2,2355,20.7,1113,,.2,,.4,1443,.9,6.9,230,19,2.8,230,20,1.1,945,230,10.5,47,1238,73.1,12.7,989.1,1010.4,2313,1000.9,1,1006.6,14.5,5.1,1000,3.01,14.3,,,,,,5.1,2.4,18.5,7.2,,,,,,,,,,2.1,3,,,
114,원주,2021-05-30,17.8,10.4,609,26.1,1616,,4.4,2053,6.6,2024,7.6,7.7,250,2056,4.1,270,2058,1,871,20,11.1,29,1735,70.5,13.3,992,1011.7,820,1006.2,1708,1009.5,14.5,9.6,1200,3.62,27.82,,,,,,5.5,3.5,23.2,10.3,,,,,,,,,,4.7,6.8,,,
114,원주,2021-05-31,19.4,15.5,154,24,1516,,6.5,24,15.2,8,19.8,4.5,20,1425,2.2,200,46,.9,773,20,14.7,53,1517,76.4,16.8,994.1,1013.1,2201,1010.2,1,1011.4,14.5,3.8,1200,2.46,16.07,,,,,,6.5,5.8,21.5,14.4,,,,,,,,,,2.7,3.9,,,
114,원주,2021-06-01,21,16.8,458,25.5,1246,,0,,0,,0,5.9,290,1258,3.1,290,1259,1.1,910,270,14.7,46,1515,68.5,16.7,996.5,1016.4,644,1012.2,1051,1013.8,14.6,4.5,1200,2.34,17.36,,,,,,8.1,1.6,22.9,12.3,,,,,,,,,,3.4,4.8,,,
114,원주,2021-06-02,23.1,15.7,523,29.3,1627,,,,,,,5.5,250,1714,2.4,290,1658,.9,749,110,13.6,30,1305,58.5,15.6,995.3,1015.5,617,1009.6,1645,1012.4,14.6,12.7,1200,3.41,27.34,,,,,,3.5,1,26.3,11.2,,,,,,,,,,5.2,7.5,,,
114,원주,2021-06-03,19.1,16.1,2356,23.5,1149,,1.3,1310,5,1735,21.5,6,290,2346,2.9,180,1124,.9,756,20,15.1,51,1141,79.4,17.3,987,1011,23,1000.1,2312,1004.2,14.6,1.4,800,1.48,7.72,,,,,,8.8,2.8,21.1,13.6,,,,,,,,,,1.3,1.8,,,
114,원주,2021-06-04,18,13.3,600,24.3,1519,,.6,-2356,2.7,-2333,2.4,8.3,230,1503,3.6,290,1538,1.2,1064,230,10.1,37,1539,63,12.4,984.5,1003.3,827,999.8,1617,1001.7,14.6,9.3,1200,3.62,25.24,,,,,,3.4,2.5,21.7,8.3,,,,,,,,,,4.6,6.6,,,
114,원주,2021-06-05,19.4,13.1,442,26,1659,,,,,,,7.5,290,1626,3.5,290,1840,1.2,1008,270,11.7,38,1701,62.6,13.8,984.2,1003.9,2258,998.7,1729,1001.4,14.6,7.3,1200,3.17,19.12,,,,,,3.1,2.4,20.2,7.5,,,,,,,,,,3.8,5.4,,,
114,원주,2021-06-06,21.5,15.1,342,27.3,1508,,,,,,,7.9,250,1104,3.5,230,1105,1.2,1065,20,14.2,44,1511,65,16.3,989.8,1011.4,2331,1003.8,2,1006.9,14.6,11.8,1200,3.45,27.09,,,,,,3.3,1.3,25.5,10,,,,,,,,,,5.1,7.3,,,
114,원주,2021-06-07,20.5,16.6,454,24.1,1236,,0,,0,,0,4.3,290,1348,2.6,290,1354,.8,704,20,14.1,43,1330,69.3,16.2,996.6,1015.3,2340,1011.1,1,1013.9,14.7,3.9,800,1.8,12.43,,,,,,6.5,3.1,21.3,11.2,,,,,,,,,,2.3,3.3,,,
114,원주,2021-06-08,23.1,17.3,448,29.4,1524,,0,,0,,0,4.7,20,1534,2.7,360,1539,1,857,50,12.8,25,1533,56.6,14.9,998.1,1016.7,656,1013.3,1907,1015.3,14.7,9.9,1200,3.4,25.35,,,,,,6.4,3.9,27.6,13.8,,,,,,,,,,5,7.2,,,
114,원주,2021-06-09,24.8,17.5,544,31.8,1455,,,,,,,5,270,1527,2.6,290,1550,1,848,20,13.7,24,1551,54.3,15.8,997.7,1016.7,724,1012.6,1827,1014.8,14.7,12.7,1200,3.35,27.62,,,,,,4.3,.4,30.1,14.2,,,,,,,,,,5.5,7.8,,,
114,원주,2021-06-10,24.9,19.5,526,31,1341,,.2,,.6,2130,1,6.7,140,2331,3.4,160,2349,1.4,1231,200,15.3,34,1132,58.4,17.5,994.3,1014.5,26,1008.8,2352,1011.3,14.7,4.4,1100,2.61,18.33,,,,,,8.5,.9,27.6,15.2,,,,,,,,,,4.1,5.8,,,
114,원주,2021-06-11,22.3,19.9,730,25.4,1623,,1.1,132,3.4,106,5.8,7.3,90,412,3.3,160,414,1.3,1125,230,17.7,62,1659,76,20.3,992.7,1013.1,2311,1007.4,413,1009.9,14.7,3.6,1300,2.67,13.07,,,,,,7.3,3.8,24.2,15.5,,,,,,,,,,2.3,3.3,,,
114,원주,2021-06-12,23.6,17.6,701,30.3,1448,,,,,,,4.9,250,1457,2.8,290,1631,1,846,20,17.3,41,1337,70.5,19.7,994.3,1014.1,802,1009,1758,1011.3,14.7,8.8,1200,3.62,26.42,,,,,,3.9,1,29.6,14.4,,,,,,,,,,4.9,7,,,
114,원주,2021-06-13,25.5,19.9,504,30.5,1527,,,,,,,5.3,200,1712,2.9,250,1505,1,846,270,18,42,1724,65.5,20.7,990.8,1011,319,1004.6,1806,1007.7,14.7,10.9,1200,3.43,26.97,,,,,,4.8,.8,31.8,15.7,,,,,,,,,,5.1,7.3,,,
114,원주,2021-06-14,25.1,20.4,448,30.5,1344,,,,,,,4.4,290,1755,2.5,250,1531,1,863,20,18.1,42,1348,66.5,20.7,988.3,1007.5,650,1003.1,1738,1005.2,14.7,7.8,1100,3.27,21.02,,,,,,6.1,2.8,28.9,16.9,,,,,,,,,,3.8,5.4,,,
114,원주,2021-06-15,23.1,21.3,2310,24.8,1710,,.3,1059,.6,1059,.7,5.7,180,1449,3.5,20,2309,1.3,1165,140,16.1,55,1701,65.5,18.4,987.4,1005.2,656,1003.1,1726,1004.4,14.7,1.5,1400,1.37,9.09,,,,,,7.6,2.8,24.1,19.9,,,,,,,,,,2.3,3.2,,,
114,원주,2021-06-16,22.3,18.3,530,26.8,1625,,,,,,,10.6,20,1352,5.4,20,1206,2.1,1812,20,14.2,45,1244,61.3,16.2,988.6,1008.3,2206,1003.8,252,1005.6,14.7,9.1,1300,3.44,22.26,,,,,,4.8,2.6,27,15.5,,,,,,,,,,4.6,6.5,,,
114,원주,2021-06-17,20.7,16.8,329,24.4,1515,,.4,2341,.5,2301,.5,3.7,20,112,2.6,20,115,.9,814,20,14.9,58,1243,70.5,17.1,989.1,1008.4,741,1004.2,1735,1006.3,14.7,.3,1200,1.87,11.91,,,,,,9.9,4.8,24.3,15.2,,,,,,,,,,2.1,2.9,,,
114,원주,2021-06-18,20.7,19.3,550,22.9,1730,,.4,642,.7,559,2.2,4.8,230,1552,1.9,250,1332,.8,655,250,18.1,75,1733,85.3,20.7,984.3,1004.4,5,999.5,1704,1001.4,14.7,.3,1600,.9,7.76,,,,,,8.6,4.9,22.7,18.7,,,,,,,,,,1.6,2.3,,,
114,원주,2021-06-19,22.7,18.2,554,27.6,1427,,,,,,,5.4,270,1413,2.9,290,1416,1,891,230,15.5,38,1552,65.6,17.6,983.9,1002.4,2319,999.2,1725,1000.9,14.7,10.9,1200,3.59,28.06,,,,,,4.1,.9,29,16.3,,,,,,,,,,5.2,7.4,,,
114,원주,2021-06-20,23.6,16.7,500,29.2,1440,,0,,0,,0,7.8,250,1719,3.1,230,1512,1.3,1080,230,14.1,31,1159,59.4,16.3,983.9,1002.7,604,998.7,1814,1000.8,14.7,11.5,1100,3.24,24,,,,,,2.6,.3,29,12.6,,,,,,,,,,4.6,6.5,,,
114,원주,2021-06-21,22.7,19.4,2324,28.1,1730,,.3,1411,.3,1345,.3,7.5,20,1950,3.7,20,1954,1.3,1121,230,15.3,36,1739,65.3,17.5,987.1,1007.7,2303,1001.7,14,1004.1,14.7,7.6,1200,2.86,20.45,,,,,,6.5,2.1,26.2,16.7,,,,,,,,,,4,5.7,,,
114,원주,2021-06-22,21.6,16.7,2111,28.2,1459,,20,2042,60.8,2005,67.4,8,90,2102,4.4,90,2107,1.2,1019,50,14.8,36,1446,68.6,16.8,991.5,1011.3,2123,1006.4,1628,1008.7,14.7,8.1,1400,2.96,23.03,,,,,,7.5,1.9,28.3,15.3,,,,,,,,,,4,5.7,,,
114,원주,2021-06-23,19.7,17.5,17,24.8,1224,,1,1427,1.2,1353,1.3,6.6,110,1319,3.5,20,1603,1,842,50,16.3,52,1053,82,18.5,993.6,1012.9,2246,1009.8,1231,1010.9,14.8,2.9,1000,3.06,13.35,,,,,,7,4.8,22.7,15.5,,,,,,,,,,2.3,3.3,,,
114,원주,2021-06-24,22.4,16.3,628,28,1444,,,,,,,3.7,360,1042,2,230,1318,.9,812,20,15.8,40,1528,69,18,994,1013.3,704,1008.4,1805,1011.2,14.7,10.1,1400,3.46,25.94,,,,,,5.9,2.9,26.3,16.7,,,,,,,,,,4.8,6.8,,,
114,원주,2021-06-25,24.1,19,442,29.1,1627,,,,,,,5.4,290,1517,2.5,290,1525,1.1,923,20,16.9,43,1508,66.3,19.3,993.2,1012.4,708,1007.8,1728,1010.2,14.7,10.7,1300,2.78,25.24,,,,,,5.5,1.9,27.1,16.2,,,,,,,,,,4.3,6.2,,,
114,원주,2021-06-26,20.5,18,543,23,2,,2.6,221,8.5,137,14.3,6.3,200,112,3.3,230,118,.9,756,50,17.1,68,1612,81.6,19.5,993.6,1012.5,841,1009.2,1704,1010.8,14.7,0,1100,1.37,9.2,,,,,,9,5.9,22.7,17.4,,,,,,,,,,1.9,2.8,,,
114,원주,2021-06-27,23.5,18.4,507,28.9,1311,,0,,0,,0,5.8,200,1521,2.6,360,958,1,862,50,16.9,43,1312,68,19.2,990.4,1010.1,1,1005.2,1722,1007.4,14.7,7.1,1100,3.14,19.42,,,,,,7,3.1,24.9,15.8,,,,,,,,,,3.6,5.1,,,
114,원주,2021-06-28,23.2,20.6,607,27.4,1303,,.4,1420,.5,1420,.5,5.3,140,1914,3.1,160,1852,1.2,1020,20,17.3,47,1313,70,19.7,988.4,1006.9,532,1003.5,1708,1005.4,14.7,5.9,1200,3.05,18.5,,,,,,7.8,2.9,24.5,17.8,,,,,,,,,,3.3,4.8,,,
114,원주,2021-06-29,23.2,20,527,28.8,1501,,1.5,1737,1.9,1719,2,5.8,180,1744,3.3,180,1750,.9,789,110,18.4,50,1459,76,21.1,988.6,1007.3,2337,1003.6,1548,1005.6,14.7,3.9,1100,3.18,17.82,,,,,,7.8,4.4,26.4,17.9,,,,,,,,,,3.2,4.5,,,
114,원주,2021-06-30,23,20.1,522,29.2,1457,,5.3,13,10.9,10,13.1,6.5,110,1735,3.6,70,1738,1,850,50,18.8,52,1542,78.9,21.8,990,1008.6,1001,1005.2,1714,1007,14.7,6.6,1200,3.03,20.99,,,,,,7.1,2.8,26.9,18.3,,,,,,,,,,3.8,5.5,,,
114,원주,2021-07-01,25,19,518,31.3,1527,,0,,0,,0,4.7,110,1819,2.6,320,1524,1,881,20,18.4,44,1331,70,21.3,989.8,1008.4,646,1004.4,1641,1006.7,14.7,10.5,1200,3.43,26.28,,,,,,3.5,1.3,28.1,17.9,,,,,,,,,,4.7,6.8,,,
114,원주,2021-07-02,24.6,21.1,538,29.9,1620,,,,,,,6.3,160,1834,2.9,160,1816,1.1,913,50,17.5,45,1702,65.9,20,992.1,1011.4,2315,1007.4,1,1009.1,14.7,5.6,1300,3.37,16.92,,,,,,5.9,1.1,27.2,18.4,,,,,,,,,,3.4,4.8,,,
114,원주,2021-07-03,22,19.7,456,26.2,1002,,1.8,2346,5.8,1642,22.3,6.3,110,1115,3.2,90,1115,1.5,1295,320,17.2,54,1041,76,19.7,990.1,1011,9,1002.2,2358,1007.3,14.7,1,900,1.7,8.12,,,,,,8.2,,23.1,16.9,,,,,,,,,,1.7,2.4,,,
114,원주,2021-07-04,22.1,20,106,23.9,1528,,4.8,54,11.9,20,17.3,5.1,180,2112,3.1,360,31,.9,790,250,20.2,79,1651,89.8,23.8,987.5,1009.8,2328,999.7,410,1004.5,14.7,0,1500,.36,2.32,,,,,,8.9,7.8,22.9,19.6,,,,,,,,,,.9,1.2,,,
114,원주,2021-07-05,22.6,19.4,415,26.2,1511,,.1,,.1,,.1,3.4,250,1308,1.9,290,1403,.8,682,200,18.1,59,1431,76.6,20.8,992.6,1011.3,951,1008.3,1812,1009.7,14.7,2,1300,2.33,13.75,,,,,,9.5,5,25.3,19,,,,,,,,,,2.6,3.7,,,
114,원주,2021-07-06,24.8,20,459,29.2,1404,,,,,,,5,230,1534,3,290,1454,.8,717,20,19.2,52,1408,73.3,22.4,990.1,1008.7,16,1005.5,1315,1007,14.6,5.9,1200,2.98,19.96,,,,,,9,1.9,27,17.3,,,,,,,,,,3.5,5.1,,,
114,원주,2021-07-07,25.3,21.9,542,28.4,1441,,4.2,113,11.8,55,21.4,4.2,290,1507,2.1,270,1513,.7,609,250,21.2,61,1112,79.4,25.2,990.1,1008.8,945,1004.7,1745,1007,14.6,1.6,1000,2.02,14.26,,,,,,9.3,3.9,28.3,21.8,,,,,,,,,,2.4,3.5,,,
114,원주,2021-07-08,25.7,21.7,2204,30.6,1617,,16.4,2154,46.6,2137,80.4,5.5,250,2033,3.3,250,2039,1,872,230,21.3,52,1537,78.9,25.4,987.9,1006.2,838,1002.4,1721,1004.8,14.6,6.3,1300,3.02,19.5,,,,,,8.5,4.3,29.7,21.5,,,,,,,,,,3.5,5.1,,,
114,원주,2021-07-09,24.4,21.3,228,29.5,1548,,3.9,1802,8.7,1748,17.6,5.7,200,1819,3.3,200,1853,.8,730,250,21,56,1620,82.9,24.9,988.3,1007.1,2338,1002.9,1606,1005.2,14.6,4.5,1100,3.17,18.82,,,,,,7.5,3.4,27.3,21,,,,,,,,,,3.4,4.9,,,
114,원주,2021-07-10,23.9,22,1540,29.3,1322,,9,1523,20,1453,23.3,7.3,320,1455,3.4,360,1458,.8,686,20,21,58,1244,84.3,24.9,990.6,1009.7,2231,1005.4,1415,1007.5,14.6,5.7,1200,2.63,16.87,,,,,,7.6,3.9,26.1,21.2,,,,,,,,,,2.8,4,,,
114,원주,2021-07-11,23.7,21.7,2301,26.9,1200,,1.5,1407,2.1,124,8.2,4.1,290,1459,2.3,250,1515,.6,560,290,21.5,74,1201,88,25.6,993.2,1011.2,1903,1009.2,457,1010.3,14.6,.4,1300,1.08,6.96,,,,,,7.9,5,25.4,20.5,,,,,,,,,,1.7,2.4,,,
114,원주,2021-07-12,26.2,21.3,600,32,1446,,,,,,,3.5,270,1356,1.8,200,1547,.7,613,90,20.8,49,1606,74,24.5,993.3,1012.2,647,1008.3,1738,1010.2,14.6,10.3,1400,3.01,25.27,,,,,,5.4,2,29.8,20.8,,,,,,,,,,4.5,6.4,,,
114,원주,2021-07-13,28.4,23.6,405,33.7,1525,,,,,,,5.3,290,1357,2.7,290,1436,.9,754,50,22.1,45,1540,70.9,26.7,992.9,1011.2,2334,1008.1,1600,1009.7,14.5,11.1,1100,3.33,25.93,,,,,,5.8,1.4,30.9,22.2,,,,,,,,,,5.1,7.3,,,
114,원주,2021-07-14,28.9,24.4,457,33.8,1556,,,,,,,5.9,290,1731,3.3,290,1731,.9,795,230,22.2,46,1541,68.9,26.7,995.3,1013.7,2357,1010.7,1541,1012.1,14.5,11.3,1100,3.47,27.37,,,,,,5.1,2.3,32.9,22.4,,,,,,,,,,5.1,7.3,,,
114,원주,2021-07-15,26.7,23.5,2357,32.4,1100,,1.2,1308,3,1305,3,8.1,200,1232,4.1,200,1239,1,862,20,22.1,55,1101,76.9,26.7,997.7,1016.3,2358,1013.6,42,1014.6,14.5,4.7,1000,3.16,13.68,,,,,,5.5,2.5,28.2,21.4,,,,,,,,,,2.9,4.1,,,
114,원주,2021-07-16,26.3,21.9,547,32.9,1332,,1.6,1921,1.7,1920,1.8,6.5,110,1924,3.2,140,1520,.8,709,110,21.5,51,1359,76.5,25.7,997.6,1017,509,1011.9,1820,1014.6,14.5,8.5,1200,3.39,21.52,,,,,,5.3,1.3,28.9,20.3,,,,,,,,,,3.8,5.5,,,
114,원주,2021-07-17,26.7,21.8,453,31.8,1417,,,,,,,6,160,1330,3.1,160,1614,1.1,936,20,19.7,47,1308,67.3,22.9,995.4,1014.5,15,1009.9,1732,1012.3,14.5,8.1,1200,3.1,22.26,,,,,,6.3,2.8,29.1,19.7,,,,,,,,,,4.3,6.2,,,
114,원주,2021-07-18,27.3,22.5,526,32.2,1429,,.2,,.2,,.2,7.2,140,2142,3.1,160,2110,1.1,982,20,19.9,44,1408,66.4,23.3,994.8,1012.9,612,1009.4,1702,1011.7,14.4,12.3,1100,3.29,25.83,,,,,,6.4,2,31.9,20.2,,,,,,,,,,5,7.2,,,
114,원주,2021-07-19,26.9,23.4,550,31.7,1505,,0,,0,,0,4.4,290,1640,2.5,290,1815,.9,794,50,20.9,48,1521,71.1,24.8,996.4,1015,2340,1012,1444,1013.3,14.4,3.8,1000,2.31,17.25,,,,,,7.4,3.5,31,22.2,,,,,,,,,,3.2,4.6,,,
114,원주,2021-07-20,27.2,23.3,434,32.2,1505,,3.4,1931,3.8,1923,3.8,6.2,50,1904,3.1,20,1906,.9,752,20,21.6,52,1631,73,25.7,997.5,1015.9,746,1012.6,1625,1014.4,14.4,7.3,1100,2.62,21.16,,,,,,7.4,3.5,33,21.3,,,,,,,,,,4,5.7,,,
114,원주,2021-07-21,28.6,23.1,441,35,1534,,,,,,,4.7,160,1344,2.7,160,1352,1,828,20,19.8,30,1500,63,23.3,996.1,1015,738,1010.2,1706,1012.9,14.4,12.6,1200,3.17,26.98,,,,,,6.6,0,32.1,21,,,,,,,,,,5.8,8.3,,,
114,원주,2021-07-22,29,22.7,549,35.3,1504,,,,,,,5.7,290,1717,3.1,290,1724,1.1,990,20,19.6,32,1338,59.5,22.9,994.2,1013.3,717,1008.6,1638,1010.9,14.3,13,1200,3.46,29.33,,,,,,2.9,.1,34.4,19.5,,,,,,,,,,5.9,8.4,,,
114,원주,2021-07-23,29.2,23.5,535,35.1,1440,,,,,,,5.6,160,1406,2.7,180,1347,1.1,967,20,20.5,29,1349,62.4,24.2,992.6,1011.4,753,1007,1657,1009.4,14.3,13.3,1200,3.42,28.47,,,,,,1.4,.3,35.7,21.1,,,,,,,,,,5.9,8.4,,,
114,원주,2021-07-24,29.2,24.1,534,35.6,1419,,,,,,,4.8,200,1432,2.7,180,1702,1.1,919,20,19.8,29,1420,60.4,23.3,991.5,1010.3,740,1006.2,1621,1008.3,14.3,12,1200,3.46,26.52,,,,,,4.1,0,35.1,21.2,,,,,,,,,,5.6,8,,,
114,원주,2021-07-25,29.1,23.2,537,34.7,1513,,,,,,,4.8,250,1138,2.5,250,1147,1.1,954,20,20.6,42,1501,62.1,24.3,990,1008.9,619,1004.3,1605,1006.7,14.3,11.2,1000,2.95,22.49,,,,,,4.1,1.4,34.2,20,,,,,,,,,,4.6,6.6,,,
114,원주,2021-07-26,29.1,23.9,506,33.9,1649,,,,,,,5.1,180,1010,2.5,320,1313,1.2,1053,20,20.1,42,1219,60.3,23.6,988,1006.8,11,1002.3,1731,1004.7,14.2,9.8,1000,2.97,21.83,,,,,,1.6,.8,35.7,20.8,,,,,,,,,,4.5,6.4,,,
114,원주,2021-07-27,28.6,24.7,519,34.3,1358,,.1,,.1,,.1,7.5,90,1916,3.9,70,1913,1.1,952,50,21.4,45,1359,67,25.5,986.2,1004.6,713,1000.4,1620,1002.9,14.2,8.9,1000,3.03,22.29,,,,,,4,2.6,34.5,21.5,,,,,,,,,,4.4,6.2,,,
114,원주,2021-07-28,28.4,23.2,556,33.5,1516,,,,,,,4.4,360,1308,2.3,290,1046,1,832,110,20.9,44,1533,66.3,24.8,986,1004.4,804,1000.3,1726,1002.6,14.2,10.5,1100,3.28,21.37,,,,,,3.1,1.3,33.8,20.2,,,,,,,,,,4.1,5.9,,,
114,원주,2021-07-29,28.6,24.7,423,33.1,1348,,,,,,,4.8,340,1150,2.9,320,1159,1,841,290,21.7,45,1641,67.9,26,985.1,1003.6,701,999.7,1723,1001.7,14.2,9.3,1200,3.04,22.36,,,,,,6,1.3,35.8,21.8,,,,,,,,,,4.1,5.9,,,
114,원주,2021-07-30,29.3,24.9,426,34.5,1506,,,,,,,6.3,270,1633,3.1,230,1722,1,906,20,22.1,42,1454,67.1,26.5,983.8,1002.2,453,998.1,1707,1000.4,14.1,9.4,1400,2.8,22.74,,,,,,5.8,.4,35.8,22,,,,,,,,,,4.5,6.5,,,
114,원주,2021-07-31,29.5,25.7,449,34.3,1512,,.3,625,.3,535,.3,5.5,290,1717,3,290,1725,1.1,928,290,22.4,46,1632,67.4,27.1,983.7,1001.8,852,998.3,1646,1000.2,14.1,7.3,1100,3.31,20.08,,,,,,5.6,2.9,33.9,24.2,,,,,,,,,,4.4,6.2,,,
114,원주,2021-08-01,26.6,23.4,1757,32.5,1358,,12.5,1655,49.9,1652,74.2,8.2,140,1639,4.1,110,1640,.9,747,20,22.6,56,1401,80.1,27.4,984.2,1002.6,2239,998.2,1556,1000.9,14.1,2.4,1000,2.12,12.89,,,,,,7.9,2.6,31.4,22.3,,,,,,,,,,2.4,3.4,,,
114,원주,2021-08-02,25.8,23.9,134,29.1,1555,,1.2,1031,1.2,1031,2.5,3.4,290,1504,1.8,200,1646,.7,592,250,22.8,61,1554,84.3,27.7,986.8,1006,2358,1001.4,220,1003.6,14,1.3,1500,1.97,9.5,,,,,,8.5,3.1,27.9,22.7,,,,,,,,,,1.8,2.6,,,
114,원주,2021-08-03,26.7,23.5,323,32.5,1507,,2.8,1610,3.5,1605,4.9,8.8,230,1606,4.9,180,1614,.8,667,90,22.5,51,1535,79.1,27.3,991,1009.8,2310,1005.6,42,1007.8,14,5,1300,2.84,18.34,,,,,,8.2,,30.1,22.6,,,,,,,,,,3.6,5.1,,,
114,원주,2021-08-04,28.3,24.3,539,33,1504,,,,,,,5.3,200,1236,2.7,230,1220,1,844,230,21.5,47,1112,68.9,25.8,991.8,1010.2,807,1006.6,1632,1008.6,14,10.7,1200,3.36,24.27,,,,,,4.3,1,31.2,23.1,,,,,,,,,,4.6,6.6,,,
114,원주,2021-08-05,28.8,24.7,513,33.6,1512,,,,,,,4.7,250,1606,2.8,250,1612,1,834,20,21.9,48,1522,67.9,26.2,989.3,1008.7,14,1003.5,1807,1006,13.9,10.4,1300,3.43,24.93,,,,,,4.8,2.5,31.1,23.1,,,,,,,,,,4.8,6.9,,,
114,원주,2021-08-06,27.3,23.3,2317,34.5,1337,,7.3,358,9.1,323,11.1,8.7,270,1606,3.6,270,1612,.8,698,50,22,50,1335,74.9,26.5,986.9,1005.5,504,1000.3,1533,1003.6,13.9,6.8,1100,3.25,18.74,,,,,,6.6,2,30.5,22.5,,,,,,,,,,3.4,4.9,,,
114,원주,2021-08-07,26.8,22.7,536,31.8,1420,,,,,,,4,340,1410,1.9,270,1503,.7,621,290,20.8,47,1541,71.4,24.6,986.5,1004.4,9,1001.4,1624,1003.2,13.9,8.2,1100,3.08,21.92,,,,,,6.4,3.6,32.4,21.5,,,,,,,,,,4,5.7,,,
114,원주,2021-08-08,25.8,23.5,618,30.2,1201,,.9,1323,.9,1323,1,4.2,20,1304,2.7,20,1312,.7,626,50,20.8,60,1309,75,24.7,986.4,1004.4,636,1002.6,1238,1003.2,13.9,1.3,1000,1.8,10.1,,,,,,8.9,3.3,28.4,22.2,,,,,,,,,,2.3,3.3,,,
114,원주,2021-08-09,26.6,23.2,512,31.4,1258,,,,,,,7.2,20,1430,3.7,50,1417,1.7,1457,20,18.4,44,1522,61.6,21.1,986.6,1006.7,2313,1001.9,129,1003.4,13.8,10.1,1400,3.03,23.77,,,,,,7.1,3.3,31.3,21.8,,,,,,,,,,4.8,6.9,,,
114,원주,2021-08-10,25.1,21.2,619,29,1450,,0,,0,,0,6.4,180,1359,3.4,140,1416,1.2,999,20,19,54,1005,69.6,22,991.1,1010.2,2336,1006.3,23,1008,13.8,9,1400,2.58,17.9,,,,,,5.6,1.9,30.4,19.9,,,,,,,,,,3.1,4.5,,,
114,원주,2021-08-11,26.2,22.1,531,31.3,1606,,,,,,,4.2,290,1101,2.8,230,1333,.9,766,20,19.7,45,1640,69.6,22.9,993.3,1011.5,820,1007.9,1705,1010.2,13.8,9.5,1300,3.33,22.06,,,,,,5.3,1.1,32.5,20.6,,,,,,,,,,4.2,5.9,,,
114,원주,2021-08-12,25.8,22.1,542,30.2,1249,,0,,0,,0,4.2,180,2314,2.4,160,2321,.9,749,50,19.9,52,1209,70.9,23.3,992.7,1011.6,844,1007.7,1823,1009.6,13.7,4.2,1100,3.1,15,,,,,,7.9,1.8,28.3,19.6,,,,,,,,,,2.9,4.1,,,
114,원주,2021-08-13,25.5,22.6,612,28.9,1501,,,,,,,3.6,20,1542,2.2,20,1544,.9,802,20,19.4,54,1618,70,22.6,989.7,1008.4,119,1004.6,1750,1006.5,13.7,1.8,1000,1.82,13.19,,,,,,8.4,.9,29,20.1,,,,,,,,,,2.5,3.6,,,
114,원주,2021-08-14,23.9,20.8,2358,28.4,1523,,.1,,.1,,.1,7.4,20,1432,4.1,20,1543,1.4,1252,20,17.5,49,1742,68.1,20,991.2,1011.9,2342,1005.9,132,1008.2,13.7,3.7,1500,2.81,13.71,,,,,,8.1,3.3,26.3,17.2,,,,,,,,,,3,4.3,,,
114,원주,2021-08-15,24.2,18.7,448,30,1551,,0,,0,,0,6,180,1815,2.7,160,1816,1.1,953,90,17.1,46,1633,65.8,19.5,996.9,1016.1,2359,1011.9,1,1013.9,13.6,11.7,1200,3.24,23.16,,,,,,4.8,2,30.4,15.1,,,,,,,,,,4.6,6.6,,,
114,원주,2021-08-16,24.8,19.8,607,29.9,1538,,,,,,,5.2,200,1556,2.9,140,2051,1.4,1181,20,16.8,42,1558,62.5,19.1,997.4,1016.9,722,1011.9,1527,1014.4,13.6,8.3,1100,2.92,20.27,,,,,,3.3,,31.8,16.9,,,,,,,,,,3.8,5.4,,,
114,원주,2021-08-17,23.8,19.9,620,28.5,1551,,,,,,,7.9,20,1417,4.4,20,1425,1.5,1302,20,16.1,44,1614,62.9,18.3,993.5,1013.9,6,1007.9,1730,1010.5,13.5,4.8,1400,2.57,17.61,,,,,,8.2,,28.2,16,,,,,,,,,,3.7,5.3,,,
114,원주,2021-08-18,22.7,18.9,612,28,1712,,1.8,559,3.6,555,6,5.5,50,1949,2.7,20,1909,.9,748,50,17.2,50,1732,72.8,19.7,993.3,1012.2,950,1008.4,1629,1010.4,13.5,3.8,1300,3.01,13.74,,,,,,6.6,2,24.9,16.5,,,,,,,,,,2.6,3.8,,,
114,원주,2021-08-19,23,18.3,410,29,1432,,0,,0,,0,5.8,70,1400,2.8,70,1545,1,821,70,16.1,44,1430,66.9,18.3,994.9,1013.6,2343,1010.6,1425,1012.1,13.5,3,1300,2.27,14.45,,,,,,7.4,5.3,28,14.5,,,,,,,,,,3,4.3,,,
114,원주,2021-08-20,25.6,20,557,30.3,1419,,0,,0,,0,5.3,230,1421,3.3,200,1433,1.3,1104,20,17.3,42,1541,61.5,19.7,994.8,1013.7,611,1009.7,1735,1011.8,13.4,10.2,1000,2.63,21.19,,,,,,6.7,4.3,30.6,17,,,,,,,,,,4,5.7,,,
114,원주,2021-08-21,24.6,21.7,1148,28.3,1458,,1.5,1142,3.6,1058,9.6,10,180,1325,4.8,180,1443,2.1,1847,140,19.6,62,1,74.8,22.9,987.1,1010.6,11,998.6,1325,1004,13.4,2.5,1500,2.53,9.26,,,,,,9,5.5,26.5,21.5,,,,,,,,,,2.1,3,,,
114,원주,2021-08-22,24.1,21.7,2358,26.8,1310,,0,,0,,0,5.8,200,121,3.1,230,1231,1.3,1162,230,18.2,50,1605,70.4,20.9,991.4,1011.2,2352,1005.4,1,1008.4,13.4,.6,1300,1.69,11.6,,,,,,8.9,4.6,26.8,18.7,,,,,,,,,,2.3,3.2,,,
114,원주,2021-08-23,21.1,19.6,645,22.6,1218,,.6,2004,2.4,1917,10.6,5.6,160,1820,3.1,180,1825,.9,808,20,18.7,76,1113,86.5,21.6,992.4,1012.6,914,1004.6,2355,1009.6,13.3,0,1000,.75,4.59,,,,,,10,3.4,22.7,18,,,,,,,,,,1,1.4,,,
114,원주,2021-08-24,23.9,20.4,145,28.1,1242,,2.1,209,3.5,124,6.8,8.8,180,1325,4.2,200,1326,1.5,1325,230,20.8,64,1242,83.9,24.6,983.5,1004.6,1,997.1,1444,1000.4,13.3,.6,1100,1.72,7.23,,,,,,8.7,5.5,24.4,20,,,,,,,,,,1.6,2.4,,,
114,원주,2021-08-25,23.5,22,2350,25.5,1140,,.4,1333,.7,1336,1.4,5.6,180,1715,2.7,160,1838,.9,768,110,20.2,73,1200,82.4,23.7,989.7,1009.5,2337,1004,1,1006.7,13.2,0,1100,.94,5.61,,,,,,7.3,3.5,24.6,20,,,,,,,,,,1.2,1.7,,,
114,원주,2021-08-26,24,20.3,552,28.2,1431,,0,,0,,0,3.9,270,1356,2.1,250,1412,.8,660,230,19.9,58,1356,78.4,23.2,995.3,1013.8,1032,1009.3,1,1012.4,13.2,1.4,1300,2.42,11.32,,,,,,9.3,3,26.2,17.6,,,,,,,,,,2.1,2.9,,,
114,원주,2021-08-27,21.3,18.9,2358,25.1,2,,.8,1248,1.8,1206,6,5.1,320,1024,2.5,320,1009,.5,471,20,18.7,66,1009,85.8,21.6,996,1014.6,2257,1011.7,1742,1013.3,13.2,0,1200,.55,3.27,,,,,,8.6,3,23.7,16.2,,,,,,,,,,.8,1.2,,,
114,원주,2021-08-28,22,18.4,30,26.5,1311,,0,,0,,0,3.7,230,1432,2.3,230,1441,.8,683,20,17.9,56,1321,78.6,20.5,997.1,1016,736,1012.8,1859,1014.4,13.1,4.3,1100,2.73,16.32,,,,,,8.4,4.8,24.8,15.7,,,,,,,,,,2.7,3.9,,,
114,원주,2021-08-29,22.2,19.6,724,26.5,1604,,1,714,3,245,5.9,3.8,270,1637,2.2,290,1705,.7,630,270,18,52,1430,78.6,20.7,996.8,1015.6,2355,1012.2,1528,1014.1,13.1,5.2,1200,3.07,15.35,,,,,,8,1.9,25.5,18.5,,,,,,,,,,2.7,3.8,,,
114,원주,2021-08-30,22.1,19.5,508,26.3,1522,,0,,0,,0,2.8,250,1707,1.5,20,225,.6,510,20,18.1,53,1550,79,20.8,998.8,1017.3,952,1014.6,1547,1016,13.1,.7,1300,1.77,11.15,,,,,,8.3,4.5,24.8,17.5,,,,,,,,,,1.9,2.8,,,
114,원주,2021-08-31,20,17.5,1807,23.1,1057,,4.7,2242,9.2,1549,32.8,5.4,20,1548,2.9,20,1707,.9,792,20,18.1,78,1057,89.5,20.8,997.6,1017.3,718,1010.3,2353,1015,13,0,1000,.95,3.44,,,,,,8.5,4,21.8,17.4,,,,,,,,,,.8,1.1,,,
114,원주,2021-09-01,20,18.4,551,21.7,1743,,6,239,21,224,68.7,5.8,360,908,3,360,912,1,844,360,18.4,86,1153,91,21.1,992.6,1011.3,2358,1008.6,619,1009.9,13,0,1100,.8,4.21,,,,,,9.5,4.8,21.5,18.1,,,,,,,,,,1,1.4,,,
114,원주,2021-09-02,22,18.7,304,25.8,1300,,,,,,,3.9,160,1814,1.9,360,919,.8,677,20,16.4,53,1253,71.6,18.7,993,1011.9,1035,1008.2,1637,1010.1,13,1.4,1200,2.6,12.75,,,,,,6.6,4.1,24.9,16,,,,,,,,,,2.4,3.5,,,
114,원주,2021-09-03,22.2,17.4,552,27.8,1448,,,,,,,5.2,360,2126,3,20,2048,.9,790,20,15.2,37,1654,67,17.4,992.8,1013,2354,1007.9,1531,1009.9,12.9,9,1100,3.17,20.01,,,,,,5.4,3,27,14.3,,,,,,,,,,3.5,4.9,,,
114,원주,2021-09-04,20.9,15.5,539,26.9,1535,,,,,,,4.4,20,2217,3.1,20,2224,.9,759,20,13.3,44,1347,63.8,15.3,998.4,1018.6,2343,1013,3,1015.8,12.9,8.9,1100,2.94,18.52,,,,,,5.9,1.1,25,11.3,,,,,,,,,,3.4,4.9,,,
114,원주,2021-09-05,21,15.2,544,27.2,1317,,,,,,,5.3,20,1411,2.9,20,1414,.7,590,50,13.2,35,1349,63.3,15.2,1001.5,1020.7,2336,1017.1,1409,1018.8,12.8,5.5,1100,3.26,17.03,,,,,,7,3.5,23.9,11.3,,,,,,,,,,3,4.2,,,
114,원주,2021-09-06,21.1,16.5,513,26,1255,,.4,2346,.9,2305,1.1,7.2,180,1641,3.4,90,1818,1,865,110,14.2,43,1458,67.3,16.2,999.8,1020.6,129,1014.5,1837,1017.2,12.8,2.8,1200,2.13,13,,,,,,8.9,2.3,24.7,12.9,,,,,,,,,,2.6,3.7,,,
114,원주,2021-09-07,20.1,17.7,132,21.2,1445,,2.7,402,4.5,919,20.8,8.5,140,658,4.4,140,700,1.1,949,140,18,77,646,88.3,20.7,991.4,1015.4,14,1005.9,1852,1008.6,12.8,0,1500,.26,1.68,,,,,,9.4,5.8,21.1,17,,,,,,,,,,.6,.8,,,
114,원주,2021-09-08,21.6,19,605,26.4,1600,,.3,135,1,404,4.3,4.8,250,1540,2.4,200,1436,.7,563,290,18.1,56,1610,82.3,20.8,992.9,1013.5,2342,1007.2,116,1010.1,12.7,5.2,1300,2.76,14.3,,,,,,2.4,.9,25.1,14.8,,,,,,,,,,2.6,3.7,,,
114,원주,2021-09-09,21.7,17.4,537,27.2,1530,,,,,,,4.2,290,1709,2,270,1659,.7,580,250,17.7,58,1438,79.5,20.3,996.8,1015.3,645,1012.2,1552,1014,12.7,6.8,1200,2.87,18.49,,,,,,6.5,3.3,26.8,14.1,,,,,,,,,,2.9,4.1,,,
114,원주,2021-09-10,22.3,17.5,556,27.6,1414,,,,,,,4.2,290,1429,2.4,290,1504,.7,644,230,17.3,49,1500,75.5,19.8,996.2,1015,851,1011.4,1522,1013.4,12.6,7.2,1200,2.84,17.43,,,,,,6.4,2.3,26.5,14.3,,,,,,,,,,3.1,4.4,,,
114,원주,2021-09-11,22.8,18.4,530,28.2,1455,,,,,,,4.5,270,1416,2.5,290,1523,.8,703,290,17.7,48,1545,75,20.3,995.6,1014.7,551,1010.3,1646,1012.7,12.6,9.5,1100,3.06,21.26,,,,,,2.8,1.3,27.3,14.4,,,,,,,,,,3.9,5.5,,,
114,원주,2021-09-12,23,17.9,544,28.9,1549,,,,,,,4.3,320,1642,2,290,1203,.8,734,20,17.1,45,1519,71.5,19.5,996.1,1015.8,2355,1011.2,1507,1013.3,12.6,9.9,1200,2.98,19.7,,,,,,2.6,.1,27.3,14.2,,,,,,,,,,3.5,5,,,
114,원주,2021-09-13,23.5,19.8,404,28.8,1504,,,,,,,7,160,1225,3.7,180,1230,1.5,1339,160,16.5,46,1353,66,18.7,999.6,1018.1,952,1015.1,1549,1016.8,12.5,6.9,1100,2.89,19.03,,,,,,7.3,1,26.9,16.2,,,,,,,,,,3.8,5.4,,,
114,원주,2021-09-14,21.8,17.6,513,27.4,1604,,,,,,,5.3,110,1526,2.5,20,1217,1,852,50,14.4,41,1539,65.1,16.5,998.8,1017.8,112,1014,1531,1016,12.5,7.7,1500,2.06,15.67,,,,,,5,.1,24.9,12.8,,,,,,,,,,3.2,4.5,,,
114,원주,2021-09-15,21.1,15.7,606,27.8,1347,,,,,,,7.2,90,1138,4,70,1617,1.2,1066,50,13,39,1245,62.3,15,999.4,1018.1,2144,1015.3,1344,1016.8,12.4,8.1,1100,3.19,17.52,,,,,,3.4,1.4,22.6,10.6,,,,,,,,,,3.5,5,,,
114,원주,2021-09-16,21.2,14.6,618,26.5,1303,,,,,,,5.6,200,1232,2.8,180,1401,1,887,20,13.3,42,1134,62.8,15.3,996,1017.1,1,1010.2,1555,1013.2,12.4,8.7,1100,2.96,19.28,,,,,,4.8,.4,26,10.1,,,,,,,,,,3.3,4.7,,,
114,원주,2021-09-17,20.3,16.4,2352,24.4,1555,,.1,,.1,,.2,7.3,20,1741,3.9,20,1741,1,885,20,14.9,52,1639,72.4,17,992.8,1012.5,2333,1007.1,1549,1010,12.4,3.3,1400,2.28,8.81,,,,,,7,3.5,24,11.9,,,,,,,,,,2.1,3,,,
114,원주,2021-09-18,21,15.3,557,27.3,1610,,,,,,,4.6,90,2230,2,180,1654,.8,656,50,15.4,49,1229,71.9,17.6,997.3,1017.1,2323,1012.3,4,1014.7,12.3,9.8,1100,3.02,19.49,,,,,,4.9,2.9,25.8,11,,,,,,,,,,3.4,4.9,,,
114,원주,2021-09-19,21.3,16.8,617,26.3,1518,,,,,,,4.5,50,1531,2.1,50,1534,.8,688,20,14.1,41,1236,66.3,16.2,998.9,1018.1,657,1014.4,1819,1016.3,12.3,6.8,1100,2.6,17.04,,,,,,6.5,3.3,26.5,12.8,,,,,,,,,,3.1,4.4,,,
114,원주,2021-09-20,22.3,16,632,27.5,1347,,,,,,,7.4,160,1621,3.6,180,1346,1.4,1245,160,14.2,40,1208,63,16.3,994.7,1016.1,1,1008.1,2331,1011.9,12.3,10.7,1100,3.04,20.84,,,,,,4.6,0,27,10.9,,,,,,,,,,4.1,5.9,,,
114,원주,2021-09-21,21.3,19.5,2244,24.2,1612,,3.8,824,11.3,748,37.4,8.3,160,321,4.2,140,320,1.4,1229,230,18.3,64,15,83.5,21,988.4,1008.5,9,1003.7,1633,1005.6,12.2,.9,1200,1.2,6.1,,,,,,7.5,4.9,21.4,16.1,,,,,,,,,,1.3,1.8,,,
114,원주,2021-09-22,20.1,16.8,224,24.8,1437,,8,214,25.6,148,29.2,10.9,340,137,4.1,270,1453,1.3,1115,230,15.3,44,1448,75.8,17.4,991.4,1012.6,2359,1005.6,123,1008.7,12.2,5.9,1400,2.2,12.78,,,,,,6.1,2.8,22.5,14.4,,,,,,,,,,2.6,3.7,,,
114,원주,2021-09-23,19.7,16.9,158,23.4,1428,,0,,0,,0,6.2,270,1045,3.2,290,1103,1,906,290,13.1,48,1046,67.4,15.2,999.5,1020.2,2335,1012.6,1,1016.9,12.1,5.3,1400,2.35,13.79,,,,,,8,6.3,22.3,11.6,,,,,,,,,,2.3,3.3,,,
114,원주,2021-09-24,20.2,15.3,654,26.5,1445,,,,,,,4.4,160,1702,2.2,50,1302,.7,636,20,13.9,42,1448,70.1,15.9,1005.4,1024.5,2337,1020,3,1022.9,12.1,7.1,1100,2.87,17.35,,,,,,3.5,.9,22.9,10.6,,,,,,,,,,2.9,4.2,,,
114,원주,2021-09-25,19.8,15.9,614,23.2,1355,,0,,0,,0,4,360,1257,2.3,20,1302,.8,652,20,14.9,56,1940,74,16.9,1006,1025.7,839,1021.6,1603,1023.5,12.1,0,1100,1.48,8.41,,,,,,8,,20.5,12.5,,,,,,,,,,1.7,2.4,,,
114,원주,2021-09-26,20.4,16,637,25.3,1511,,,,,,,3.5,110,1605,2.3,360,2022,.8,680,50,13.3,46,1456,65.3,15.3,1003.4,1023.4,1,1018.5,1441,1020.8,12,7.1,1100,2.57,14.44,,,,,,7.4,2.3,22.5,11.7,,,,,,,,,,2.5,3.6,,,
114,원주,2021-09-27,19.8,15,623,25.1,1314,,0,,0,,0,3.9,200,1204,2.2,20,2309,.9,746,20,14.3,47,1314,71.9,16.4,998.9,1019.7,1,1014.3,1431,1016.3,12,4.3,1200,2.69,13.38,,,,,,9.1,5.1,21.6,11.9,,,,,,,,,,2.4,3.4,,,
114,원주,2021-09-28,21,17,559,25.3,1428,,.3,2316,1.2,2300,1.2,5,200,1434,2.9,160,1617,1.1,952,20,15.3,45,1301,71.8,17.5,995.9,1015.6,103,1010.9,2400,1013.1,11.9,2.7,1400,1.73,11.93,,,,,,8.6,6.8,23.2,14.7,,,,,,,,,,2.1,3,,,
114,원주,2021-09-29,20.4,18.7,2330,22,1459,,3.3,934,9.8,858,20.6,5,250,1648,2.2,270,1705,.6,519,200,18.8,82,1616,91,21.7,990.9,1011.1,14,1006.1,1449,1008.2,11.9,0,1400,.43,1.99,,,,,,9.1,5.4,21.8,16.8,,,,,,,,,,.6,.9,,,
114,원주,2021-09-30,20.5,17,644,26.3,1527,,,,,,,3,320,1441,1.7,200,1810,.7,633,320,16.5,47,1420,79.5,18.7,991.8,1010.6,903,1007.1,1506,1009,11.8,7.3,1100,2.9,17.56,,,,,,3,2.8,23.7,14.3,,,,,,,,,,3,4.2,,,
114,원주,2021-10-01,20.3,16,555,26.5,1434,,1.5,2342,5,2337,2.2,8.9,230,2355,3.8,270,2400,.9,747,20,15.5,42,1441,76.4,17.6,992.3,1013.7,2359,1006.6,1508,1009.6,11.8,8.1,1200,2.71,16.95,,,,,,,,22.8,13.5,,,,,,,,,,3.1,4.4,,,
114,원주,2021-10-02,19,15.7,346,24.4,1433,,1.1,4,3.2,1,3.8,6.3,90,29,3.8,270,2,.8,669,50,14.7,48,1434,78.1,16.8,996.8,1017.8,2352,1009.5,116,1014.2,11.8,7.1,1200,2.41,14.98,,,,,,4.4,2.5,21.6,12.7,,,,,,,,,,2.6,3.7,,,
114,원주,2021-10-03,20.1,14.2,710,28.6,1410,,,,,,,4.8,180,1432,2.6,250,1439,.6,537,110,14,29,1412,72.5,16.1,1001.8,1021,951,1017.5,1443,1019.2,11.7,7.9,1200,2.7,17.45,,,,,,5.3,2,22.3,10.8,,,,,,,,,,3.2,4.5,,,
114,원주,2021-10-04,21.7,15.6,502,26.2,1502,,0,,0,,0,8.7,180,1240,3.9,200,1313,1.1,946,200,16.3,60,1254,72.6,18.6,1003.1,1022.8,728,1018.3,1516,1020.5,11.7,.5,1200,1.44,7.35,,,,,,8.4,5.1,21.7,11.5,,,,,,,,,,1.8,2.6,,,
114,원주,2021-10-05,23.9,21.5,2353,27.3,1523,,0,,0,,0,6.2,200,1249,2.8,200,947,1.4,1198,230,17.1,49,1522,66.8,19.5,1003.2,1022,916,1018.9,1703,1020.4,11.7,6.8,1000,2.13,13.92,,,,,,7.4,6,24.9,19.4,,,,,,,,,,2.7,3.8,,,
114,원주,2021-10-06,19.4,17.6,2336,22.1,1531,,.7,413,2.6,337,6.1,4.1,340,358,2.7,360,621,1.2,1010,20,16.5,68,1640,83.9,18.8,1002.5,1022.5,822,1017.9,1741,1020,11.6,.1,1200,.66,4.09,,,,,,8.6,3.9,21.1,14.5,,,,,,,,,,.9,1.3,,,
114,원주,2021-10-07,19.3,17.4,348,21.3,1226,,.6,821,.6,731,.8,4.7,160,131,2.3,140,135,.6,549,290,16.7,71,213,85.3,19,999.5,1018.6,2212,1015.6,1351,1017,11.6,0,1100,.6,3.21,,,,,,5.8,4.9,20.4,16.3,,,,,,,,,,.7,1,,,
114,원주,2021-10-08,19.4,18.5,630,21.1,1405,,.3,1623,.7,1608,1.7,3,20,2017,1.8,20,2008,.6,502,20,17.6,78,1435,90.1,20.1,1003.6,1023.5,2359,1018.3,1,1021.1,11.5,0,1300,.87,4.21,,,,,,9.3,4.9,21,17.7,,,,,,,,,,.8,1.2,,,
114,원주,2021-10-09,20.8,17.9,640,25.7,1431,,0,,0,,0,3.3,160,2014,1.7,110,1359,.6,476,20,17.5,59,1525,82.6,20.1,1004.8,1024.6,840,1020.1,1740,1022.2,11.5,2.6,1200,2.51,10.05,,,,,,8.3,2.9,22.3,15.6,,,,,,,,,,1.7,2.5,,,
114,원주,2021-10-10,20.6,15.9,2322,26.5,1340,,1.1,2109,4.1,2039,17,7.6,270,2126,3.1,290,2140,.8,722,200,17.9,61,1344,85.5,20.6,1000.4,1020.8,1,1014.6,1427,1017.8,11.5,.9,1300,1.17,6.53,,,,,,8.3,4.6,22.3,15.6,,,,,,,,,,1.3,1.9,,,
114,원주,2021-10-11,16,13.6,457,18.6,1427,,1.6,23,3.6,-2347,4.2,5.1,340,24,2.4,360,2016,.9,764,360,11.4,59,1506,75,13.5,1003.5,1023.1,2246,1019.5,1,1021.3,11.4,1,900,1.27,8.26,,,,,,9.4,5.6,18.6,13,,,,,,,,,,1.5,2.2,,,
114,원주,2021-10-12,17.1,15.3,2356,18.8,1232,,0,,0,,0,4.6,20,1218,2.3,70,1321,.7,591,290,11.2,54,1012,69.6,13.4,1007.7,1026.9,2147,1022.6,24,1025.4,11.4,0,1100,.55,3.36,,,,,,6,6,18,11.8,,,,,,,,,,1,1.4,,,
114,원주,2021-10-13,18.4,12.9,640,24.3,1329,,,,,,,4.8,180,1339,2.6,180,1354,.8,685,200,12.4,45,1340,69.9,14.4,1006.4,1026.7,1,1021.4,1503,1024.1,11.3,8.7,1100,2.5,15.14,,,,,,3.8,2.6,20.8,8.7,,,,,,,,,,2.4,3.5,,,
114,원주,2021-10-14,18.4,15,311,22.7,1453,,,,,,,5.6,270,1428,2.6,290,1444,.8,665,290,13.4,52,1421,74.1,15.4,1002,1022.6,1,1016.9,1551,1019.5,11.3,7.4,1100,2.09,12.8,,,,,,6.9,2.9,20.1,10.6,,,,,,,,,,2.1,3,,,
114,원주,2021-10-15,17.2,15.6,551,18.9,1150,,.5,2313,1.4,2311,1.4,3.4,20,1929,1.5,20,1837,.5,449,20,14.6,71,1139,85.1,16.6,1000.7,1019.3,936,1017.1,1522,1018.3,11.3,0,1100,.83,4.38,,,,,,9.6,3.5,18.3,12.5,,,,,,,,,,.9,1.2,,,
114,원주,2021-10-16,12,4.6,2358,16.3,1124,,.7,144,3.1,104,6.2,7,290,1512,3.5,290,1836,1.4,1216,270,3.7,30,1742,60,9,1003.9,1027.6,2309,1018.9,7,1021.9,11.2,1.3,900,1.37,7.92,,,,,,9.4,3.3,15.3,-.8,,,,,,,,,,1.8,2.6,,,
114,원주,2021-10-17,5.2,1,557,10.3,1539,,,,,,,5.3,290,1546,2.4,320,1438,.8,665,230,-3.7,26,1115,56.6,4.7,1009.2,1030.4,858,1025.6,1638,1027.9,11.2,10,1200,2.69,18.08,,,,,,0,0,10.2,-5.2,,,,,,,,,,2.4,3.4,,,
114,원주,2021-10-18,8,.7,513,15.4,1452,,,,,,,4.9,290,1527,2.5,290,1531,.6,561,20,1,36,1159,64.4,6.7,1005.7,1027.8,1,1021.2,1744,1024.1,11.2,10,1200,2.55,16.89,,,,,,3.5,2,11.8,-5.2,,,,,,,,,,2.5,3.5,,,
114,원주,2021-10-19,9.7,6.4,2352,13.9,1556,,.4,320,.9,317,1.5,6.3,320,1658,3.6,290,1701,.7,580,360,6.1,51,1659,79.4,9.5,1001.6,1022.2,2352,1016.8,1551,1019.8,11.1,2,1300,1.79,7.17,,,,,,5.9,2.9,12.3,-.9,,,,,,,,,,.9,1.3,,,
114,원주,2021-10-20,8.1,4.3,402,14.6,1424,,,,,,,4.2,270,1522,2.2,290,1622,.7,642,250,2.7,35,1338,72.4,7.4,1003.5,1024.3,913,1019.1,1514,1021.8,11.1,7.2,1200,2.57,14.9,,,,,,2.9,2.3,10.8,-2.2,,,,,,,,,,2.2,3.2,,,
114,원주,2021-10-21,8.5,2.5,658,14.9,1403,,,,,,,3.2,290,1445,1.9,270,1345,.5,475,20,3,43,1447,71.4,7.6,1002.2,1022.5,847,1018.1,1609,1020.4,11,8.4,1100,2.22,13.29,,,,,,3.6,.4,10.9,-3.7,,,,,,,,,,1.7,2.4,,,
114,원주,2021-10-22,9,3.5,625,16.4,1352,,0,,0,,0,4.8,50,1508,2.5,20,1520,.7,570,90,3.8,40,1439,73.9,8,1004.5,1026.9,2359,1020.5,1351,1022.7,11,6.8,1200,2.57,13.8,,,,,,4,1.4,10.1,-2.6,,,,,,,,,,1.9,2.7,,,
114,원주,2021-10-23,9.3,3.5,641,16.7,1330,,,,,,,5.1,290,1431,2.9,290,1427,.7,585,50,3.3,29,1448,69.9,7.8,1010.4,1030.4,845,1026.8,3,1028.8,11,9.8,1200,2.46,16.06,,,,,,.3,0,11.3,-3.2,,,,,,,,,,2.4,3.4,,,
114,원주,2021-10-24,9,3.1,634,16.4,1458,,,,,,,3.6,290,1429,1.7,20,1221,.5,471,50,2.8,31,1417,69,7.5,1008.7,1030.1,837,1024,1552,1027,10.9,9.8,1200,2.44,15.55,,,,,,.9,0,10.7,-4.1,,,,,,,,,,2.3,3.2,,,
114,원주,2021-10-25,9.5,3.9,631,16.7,1513,,,,,,,3.1,250,1215,1.7,230,1222,.5,463,250,3.7,39,1205,71.1,8,1005.3,1026.3,57,1021,1527,1023.6,10.9,9.6,1200,2.42,15.13,,,,,,1.8,0,11,-3.3,,,,,,,,,,2.2,3.1,,,
114,원주,2021-10-26,10,4.1,624,16.7,1424,,,,,,,3.6,250,1408,2.2,250,1545,.5,463,20,5.1,43,1320,74.4,8.8,1002.9,1023.8,826,1018.9,1721,1021,10.8,8.7,1100,2.11,12.95,,,,,,3.8,.3,10.6,-2.3,,,,,,,,,,1.7,2.4,,,
114,원주,2021-10-27,11.7,7.3,2350,18.3,1358,,,,,,,5.1,270,1419,2.9,270,1421,.8,694,110,4.8,26,1457,66.8,8.7,1001.6,1021.7,2354,1017.4,1412,1019.6,10.8,6.5,1200,2.16,11.93,,,,,,2.6,2.3,12.1,-2,,,,,,,,,,2.1,3,,,
114,원주,2021-10-28,10.2,3.6,701,18.3,1550,,,,,,,2.8,20,1149,1.4,50,1151,.4,382,20,3.6,31,1513,67.9,8,1005.9,1026.6,2356,1021.6,1550,1024.1,10.8,9.6,1200,2.38,15.17,,,,,,0,0,11.2,-4,,,,,,,,,,2.2,3.2,,,
114,원주,2021-10-29,12,5.8,531,19.1,1419,,,,,,,3.8,320,1343,1.8,20,1235,.6,538,50,4.3,34,1344,62.4,8.3,1007.6,1028.4,820,1022.8,1559,1025.8,10.7,9.3,1200,2.22,14.48,,,,,,2.5,.1,12.2,-1.9,,,,,,,,,,2.3,3.3,,,
114,원주,2021-10-30,11.4,7.3,655,17.2,1418,,,,,,,3.6,250,1441,1.7,290,1441,.5,403,20,6,46,1315,71.6,9.4,1006.6,1026.2,907,1023.1,1311,1024.8,10.7,3.5,1000,1.75,9.16,,,,,,6,1.4,11.6,.3,,,,,,,,,,1.3,1.9,,,
114,원주,2021-10-31,12,6.7,625,18.4,1508,,.6,2300,.6,2230,.7,3.5,270,1411,2.2,290,1415,.4,385,20,6.3,33,1542,71.4,9.6,1006.3,1026.6,823,1021.9,1525,1024.4,10.7,8.9,1200,2.1,12.87,,,,,,4.5,1.9,12.6,.3,,,,,,,,,,1.8,2.6,,,
114,원주,2021-11-01,12,8.4,535,16.6,1400,,,,,,,5.1,270,1405,2.7,270,1442,.7,638,230,6.7,44,1406,72.6,9.9,1005.5,1025.2,830,1021.7,1538,1023.6,10.6,6.9,1300,2.13,10.99,,,,,,4.4,1.9,12.7,.5,,,,,,,,,,1.7,2.4,,,
114,원주,2021-11-02,10.2,5.3,628,15.9,1435,,,,,,,3.3,320,1322,1.9,290,1330,.5,456,20,5.5,51,1509,75,9,1004,1024.8,832,1019.7,1505,1022.1,10.6,7,1200,2.18,12.43,,,,,,6.4,3.1,11.1,-1.7,,,,,,,,,,1.8,2.6,,,
114,원주,2021-11-03,11.1,7.7,2356,16.4,1456,,,,,,,4.1,290,1301,2.2,250,1333,.6,533,20,4.7,34,1600,67.4,8.6,1001.8,1021.7,928,1017.4,1615,1019.8,10.6,8.8,1300,1.89,12.23,,,,,,3,1.9,11.9,.2,,,,,,,,,,1.8,2.6,,,
114,원주,2021-11-04,10.6,5.6,728,16.7,1453,,,,,,,2.9,290,1259,1.7,250,1632,.5,474,20,5.4,48,1544,71.9,9,1002.4,1023,2351,1018.7,1437,1020.6,10.5,6.3,1100,1.91,10.68,,,,,,3.1,1.4,11.5,-1.2,,,,,,,,,,1.4,2.1,,,
114,원주,2021-11-05,10.5,4.9,723,19.2,1516,,,,,,,1.9,20,855,1.2,20,904,.4,307,290,4.3,28,1557,70.6,8.4,1003.7,1024.5,905,1018.8,1441,1021.9,10.5,7.6,1200,2,11.89,,,,,,3.6,1.3,9.8,-2.2,,,,,,,,,,1.7,2.5,,,
114,원주,2021-11-06,12.1,5,639,20.8,1457,,,,,,,2.6,250,1720,1.4,360,1317,.4,335,50,4.3,29,1428,63.5,8.3,1003.6,1024.1,2356,1018.8,1451,1021.7,10.5,8.9,1200,2.07,12.66,,,,,,1.9,1,10.9,-2.2,,,,,,,,,,2,2.9,,,
114,원주,2021-11-07,13.1,6.1,652,20.4,1411,,,,,,,6.4,160,1443,3.3,160,1258,.9,735,160,5.3,36,1355,62.3,8.9,1002.7,1025.1,923,1015.1,2400,1020.6,10.4,7.9,1200,2.55,13.03,,,,,,5,.4,11.5,-1.8,,,,,,,,,,2.5,3.6,,,
114,원주,2021-11-08,10,4.9,2347,17.1,657,,,,,,25.4,9.8,250,1007,4.9,250,1016,1.8,1568,230,5.7,57,22,75.4,9.3,993.6,1015.3,10,1005.7,847,1011.7,10.4,.5,1500,.74,1.92,,,,,,7.3,4.6,10.1,2.5,,,,,,,,,,.6,.8,,,
114,원주,2021-11-09,4.8,3.2,910,5.9,1617,,,,,,5.3,6.4,250,1722,2.7,230,1724,1.1,952,230,2,71,512,82.8,7.1,992.4,1014.3,238,1008.1,2321,1010.8,10.4,0,1400,.3,1.53,,,,,,8,7,6.9,2.4,,,,,,,,,,.5,.6,,,
114,원주,2021-11-10,4.4,1,559,6.7,1543,,,,,,0,5.6,230,226,2.8,270,230,1.2,1001,270,-1.1,55,1642,67.6,5.7,990,1009.7,2357,1006.5,1324,1008.3,10.3,1.1,1100,1.28,4.78,,,,,,4.4,3.4,5.6,-5.3,,,,,,,,,,.8,1.2,,,
114,원주,2021-11-11,5.7,1.8,643,8.7,1555,,,,,,.2,6.7,200,1150,2.8,270,1743,1.3,1147,250,-2.1,44,1016,57.5,5.3,993,1013.2,2341,1009.2,1458,1011.3,10.3,5.5,1100,1.8,8.35,,,,,,2.8,1,5.5,-4.3,,,,,,,,,,1.3,1.9,,,
114,원주,2021-11-12,4.5,1.1,2345,8.7,1313,,,,,,,9.2,290,1141,4,270,1418,1.3,1149,230,-4.5,31,1410,54.1,4.4,998.8,1019.6,2154,1013.1,6,1017.3,10.3,9.4,1200,2.25,12.98,,,,,,1.6,1,3.7,-7.5,,,,,,,,,,1.9,2.6,,,
114,원주,2021-11-13,5.7,-1.2,722,12.3,1500,,,,,,,5.9,250,1512,2.8,270,1517,.5,434,20,-.2,44,1326,68,6.2,1001,1021.7,828,1017.4,1452,1019.5,10.3,7.4,1200,2.09,11.27,,,,,,2.3,1.3,4.9,-8.6,,,,,,,,,,1.3,1.9,,,
114,원주,2021-11-14,9.3,4.4,519,14.8,1602,,,,,,0,5.7,270,1337,2.6,270,1406,.5,472,20,3.4,34,1635,68.9,7.8,1000.2,1019.8,2344,1016.5,1532,1018.4,10.2,4.3,1100,1.17,6.36,,,,,,4.8,2.1,8.9,-1.4,,,,,,,,,,1.1,1.5,,,
114,원주,2021-11-15,7.8,2.8,711,14.6,1346,,,,,,,3.7,270,1422,2,290,1527,.5,418,290,1.1,25,1317,66.8,6.7,1003.8,1024.2,918,1019.8,1,1022.2,10.2,7.6,1100,1.97,10.86,,,,,,4.1,0,6.7,-4.2,,,,,,,,,,1.6,2.3,,,
114,원주,2021-11-16,7,1.9,719,13.7,1350,,,,,,,5,230,1507,2.6,200,1458,.7,562,20,-.2,30,1302,63.3,6.1,1006.2,1026.3,2228,1022.5,1451,1024.7,10.2,9,1200,1.99,11.55,,,,,,.9,.4,5.7,-5.5,,,,,,,,,,1.7,2.5,,,
114,원주,2021-11-17,6,.6,738,12.2,1503,,,,,,,5.4,320,1535,2.7,290,1530,.7,562,270,-1,30,1404,63.1,5.7,1005.9,1027.3,836,1021.9,1440,1024.4,10.1,8.2,1200,2.04,11.67,,,,,,3,.4,5.2,-7,,,,,,,,,,1.6,2.3,,,
114,원주,2021-11-18,10.2,4.1,34,15.3,1405,,,,,,0,5.1,320,1407,2.1,230,2352,.8,713,230,4,51,1139,66,8.3,1000.7,1022.3,8,1016.3,1547,1018.8,10.1,3.5,1100,1.41,6.7,,,,,,8.6,5.5,8.6,-2.2,,,,,,,,,,1.1,1.6,,,
114,원주,2021-11-19,12.6,9.2,2344,16.2,1517,,,,,,,4.2,250,1301,1.9,200,9,.7,599,230,8.4,59,1435,76.6,11,1000.2,1020.2,2356,1016.8,1401,1018.1,10.1,2.5,1100,1.14,5.96,,,,,,6.5,3.3,11.2,2.9,,,,,,,,,,1,1.4,,,
114,원주,2021-11-20,10,7.1,2355,15.4,1426,,,,,,,2.9,290,1454,1.8,290,1621,.5,431,290,5.5,43,1502,75.9,9.1,1003.1,1022.7,2037,1020.1,1522,1021.3,10.1,4.9,1300,1.63,8.29,,,,,,4.1,1,8.7,-1,,,,,,,,,,1.3,1.8,,,
114,원주,2021-11-21,9.5,5.9,357,13.7,1610,,,,,,,3.6,20,17,2.3,20,24,.4,356,290,4.5,51,1408,72.3,8.4,998.6,1022,450,1010.1,2358,1016.7,10,.1,1200,.99,4.21,,,,,,9.4,4.4,8.7,-.5,,,,,,,,,,.9,1.3,,,
114,원주,2021-11-22,4.1,.4,2336,12.8,21,,,,,,3.2,13.5,320,1303,6.9,290,1516,2.9,2486,270,-5.2,33,1349,52.4,4.4,996.8,1018.5,2230,1009.9,24,1015.3,10,7.3,1300,1.85,9.68,,,,,,5.4,4,5.6,-4.9,,,,,,,,,,1.7,2.4,,,
114,원주,2021-11-23,.5,-1.9,715,2.1,1445,,,,,,0,7,250,1342,3.8,270,1418,1.5,1325,270,-8,41,928,53.8,3.4,999.5,1019.6,532,1016.6,1511,1018.4,10,2.6,1100,1.48,6.46,,,,,,5.1,4.3,1.2,-8.6,,,,,,,,,,.9,1.3,,,
114,원주,2021-11-24,3.2,-1.5,409,7.2,1343,,,,,,0,5.5,270,1327,2.8,250,1354,.8,701,230,-3,45,923,65,5.1,999.2,1019.7,129,1016,1739,1017.8,9.9,1.7,1100,1.4,5.33,,,,,,4.4,2.9,2.3,-9.5,,,,,,,,,,.7,1.1,,,
114,원주,2021-11-25,5.1,.9,2358,10.3,1322,,,,,,.1,8.9,250,1604,4,270,1544,1.1,968,270,-1.9,28,1639,65.1,5.4,1000.1,1022.7,2344,1015.5,357,1018.6,9.9,8.1,1200,1.95,10.31,,,,,,2.1,1.3,4.1,-8.1,,,,,,,,,,1.6,2.3,,,
114,원주,2021-11-26,2.9,-1.5,714,8.1,1310,,,,,,,5.8,320,1606,3.2,270,1453,.9,746,70,-4.6,30,1142,60.8,4.4,1008.2,1030.9,2356,1022.7,1,1027,9.9,5.8,1100,1.85,8.74,,,,,,1.9,1.4,1.7,-10.1,,,,,,,,,,1.2,1.7,,,
114,원주,2021-11-27,1.8,-3.2,722,8.7,1602,,,,,,,2.2,360,1318,1.2,50,2,.5,422,20,-4.5,30,1627,66.8,4.4,1015.8,1037.1,2344,1030.8,1,1034.8,9.9,8.8,1200,1.97,11.83,,,,,,0,0,1.3,-11.2,,,,,,,,,,1.3,1.9,,,
114,원주,2021-11-28,3.2,-3.5,740,11.3,1408,,,,,,,2.6,50,1346,1.5,50,1328,.5,434,270,-5.4,25,1416,57.3,4.1,1015.5,1037.2,21,1031.9,1612,1034.4,9.8,8,1200,1.96,11.43,,,,,,4.3,1.1,1.5,-10.9,,,,,,,,,,1.5,2.1,,,
114,원주,2021-11-29,4.9,-1.2,635,12.7,1507,,,,,,,3.4,290,1554,2.1,290,1601,.5,449,20,-2.2,35,1151,62.4,5.2,1008.8,1032.3,1,1022.3,2357,1027.4,9.8,8.5,1200,1.9,9.99,,,,,,4.9,.5,3,-9.5,,,,,,,,,,1.3,1.9,,,
114,원주,2021-11-30,4.8,1.7,2352,9.4,1438,,,,,,21.7,11.6,290,2314,5.6,290,2314,2,1764,270,.9,54,2310,77.4,6.8,993,1022.6,20,1005,1353,1011.3,9.8,0,1300,.2,.88,,,,,,9.1,5.9,3.9,-3.9,,,,,,,,,,.9,1.3,,,
114,원주,2021-12-01,-.5,-2.9,2400,1.7,2,,,,,,,11.8,290,3,5.7,270,4,3.1,2706,270,-11.5,29,1434,43.8,2.6,1002.1,1025.2,2304,1013.4,3,1021.1,9.8,8.8,1200,2,11.61,,,,,,1.1,0,-.4,-9.9,,,,,,,,,,1.5,2.1,,,
114,원주,2021-12-02,.7,-6.3,719,5.5,2037,,,,,,0,5.5,180,1543,2.8,230,1439,1,880,200,-6.3,38,1229,60.8,3.9,1001,1025.3,39,1015.1,2124,1019.8,9.8,6.3,1100,1.85,9.47,,,,,,3.3,2.4,0,-12.8,,,,,,,,,,1.1,1.6,,,
114,원주,2021-12-03,3.1,-.7,2334,5.5,350,,,,,,.5,8.9,290,1342,4.5,290,1047,1.9,1601,270,-7.8,20,1430,48.3,3.8,999.8,1023.8,2345,1013.5,304,1018.4,9.8,8.6,1200,1.94,11.2,,,,,,2.1,.5,1.2,-8.5,,,,,,,,,,1.8,2.6,,,
114,원주,2021-12-04,.6,-4.6,753,6.5,1519,,,,,,,6.6,250,1345,3.7,270,1352,.8,716,270,-8.3,30,1604,53.5,3.3,1007.5,1029.6,2352,1023.7,8,1026.4,9.7,8.7,1200,1.91,10.83,,,,,,0,0,-.4,-11,,,,,,,,,,1.4,1.9,,,
114,원주,2021-12-05,1.4,-4.2,718,9.2,1520,,,,,,,2.1,270,1420,1.1,20,1248,.4,373,20,-4.9,37,1442,65,4.3,1011,1032.4,946,1027.9,1516,1029.9,9.7,8.7,1200,1.81,10.53,,,,,,0,0,.4,-10.5,,,,,,,,,,1.2,1.7,,,
114,원주,2021-12-06,3.3,-2.7,716,12,1531,,,,,,,2.1,20,817,1.4,20,819,.4,329,50,-3.5,24,1547,64.4,4.7,1009,1029.7,833,1025.3,1505,1027.8,9.7,7.9,1200,1.83,10.99,,,,,,3.4,2.1,1.1,-9.5,,,,,,,,,,1.3,1.9,,,
114,원주,2021-12-07,4.7,-.5,613,11.4,1535,,,,,,,4.2,20,1650,2.7,20,1654,.6,516,20,-.6,44,1429,70.4,5.9,1011,1032.5,2342,1027.9,1420,1029.8,9.7,6.3,1200,1.64,8.5,,,,,,2.5,1.8,2.8,-7.3,,,,,,,,,,1.1,1.6,,,
114,원주,2021-12-08,4.1,-1,740,11.6,1512,,,,,,,1.9,290,1246,1.1,110,1809,.4,337,90,-.6,36,1434,74.5,5.9,1014.2,1034.8,951,1031.6,1526,1033,9.7,8.8,1200,1.83,10.76,,,,,,1,.3,1.9,-8.7,,,,,,,,,,1.3,1.8,,,
114,원주,2021-12-09,3.9,-1.1,659,8.9,1530,,,,,,,2,340,2126,1.1,70,1831,.4,312,50,-.7,48,1337,73.5,5.8,1011.7,1033.7,909,1027.3,2338,1030.5,9.7,2.6,1100,1.11,5.51,,,,,,6.3,2.3,2.4,-8.5,,,,,,,,,,.6,.9,,,
114,원주,2021-12-10,5.6,1,316,8.3,1308,,,,,,0,2.4,290,2133,1.5,20,1827,.3,289,70,2.8,66,1129,82.8,7.6,1007,1027.3,1,1023.7,1452,1025.6,9.7,.3,1100,.74,2.76,,,,,,8.9,6.5,4.4,-5.9,,,,,,,,,,.5,.7,,,
114,원주,2021-12-11,6.8,4.5,756,9.8,1515,,,,,,,4.2,320,1600,2.3,290,1543,.6,528,230,3.3,59,1532,79.4,7.7,1007.6,1028.8,907,1024.5,1500,1026.1,9.7,4.9,1000,1.33,6.83,,,,,,7.5,3.5,6.3,-.8,,,,,,,,,,.9,1.3,,,
114,원주,2021-12-12,2.4,-2.7,2356,6.6,1310,,,,,,,8.5,290,1340,4.3,250,1502,1.6,1412,270,-6.4,25,1525,57,4.2,1006.3,1028.9,2333,1022.7,1346,1025.1,9.6,8,1200,1.71,9.18,,,,,,3.9,1.5,1.7,-7.2,,,,,,,,,,1.5,2.2,,,
114,원주,2021-12-13,-2.4,-6.2,654,1.6,1532,,,,,,,4.4,320,1352,2.6,290,1359,.8,660,270,-14,22,1637,42.6,2.1,1009.1,1030.6,912,1026.6,1524,1028.3,9.6,8.7,1200,1.87,10.83,,,,,,0,0,-2.6,-13.9,,,,,,,,,,1.3,1.9,,,
114,원주,2021-12-14,1.4,-3.9,29,5.2,1650,,,,,,.6,2.6,360,2349,1.3,20,336,.5,431,20,-6.5,38,1353,57.3,4,1003.7,1027.5,1,1020,1645,1022.5,9.6,1.3,1200,1.28,4.67,,,,,,5.1,4.6,.7,-9.8,,,,,,,,,,.6,.9,,,
114,원주,2021-12-15,4.9,2.7,2242,8.7,1506,,,,,,3.7,4.2,360,716,1.7,340,723,.4,321,90,3.8,78,1604,93,8,1002.2,1022.3,2255,1019,554,1020.8,9.6,0,1500,.52,2.22,,,,,,7.8,4,4.5,-3.3,,,,,,,,,,.4,.5,,,
114,원주,2021-12-16,4.3,2.4,248,7.9,1520,,,,,,,2.6,140,1423,1.4,20,1222,.4,312,20,2.4,56,1620,88.5,7.3,1000.4,1022.3,406,1016.2,2330,1019,9.6,1.1,1400,.89,4,,,,,,8.6,7.1,4.6,-2.9,,,,,,,,,,.8,1.1,,,
114,원주,2021-12-17,-3.3,-9.3,2353,5.3,106,,,,,,,13.1,270,1322,6.7,290,1311,3.1,2712,270,-15.3,19,1501,40.1,2.1,1003.7,1030,2353,1016.1,38,1022.9,9.6,8.4,1200,1.83,10.42,,,,,,1.5,.3,-2.1,-12.3,,,,,,,,,,1.4,2,,,
114,원주,2021-12-18,-5.1,-11.3,745,-.8,1550,,,,,,0,3.6,270,17,2.1,20,2057,.8,676,20,-14,24,1232,51.6,2.3,1006.8,1031.3,240,1019.6,2335,1026.1,9.6,5.8,1100,1.77,8.84,,,,,,4.4,3.1,-4.1,-16.4,,,,,,,,,,.8,1.1,,,
114,원주,2021-12-19,-.1,-4.4,805,2.8,1438,,,,,,.1,6.9,250,1319,3.5,270,1322,1.1,917,270,-8,32,1230,57,3.4,1003.5,1025,945,1019.5,2,1022.4,9.6,8,1200,1.86,10.04,,,,,,2.1,2.1,-.9,-12.4,,,,,,,,,,1.1,1.6,,,
114,원주,2021-12-20,4.3,-1.5,213,9.3,1528,,,,,,0,5.6,160,2133,2.2,250,1500,.5,456,200,-1.1,57,1310,68.1,5.8,999.2,1021.7,4,1015.4,1509,1017.7,9.6,1.4,1000,.9,4.32,,,,,,5,4.1,1.8,-5.9,,,,,,,,,,.6,.9,,,
114,원주,2021-12-21,5.7,.8,2328,10.8,1429,,,,,,,5.9,290,1228,3.2,290,1350,.8,727,270,-.1,35,1830,69,6.2,998.8,1021,2332,1015,1317,1017.2,9.6,5.8,1200,1.38,6.56,,,,,,3.3,2.4,3.4,-8.8,,,,,,,,,,1,1.4,,,
114,원주,2021-12-22,1.3,-3.4,810,8,1459,,,,,,,3,20,1254,1.6,50,1230,.5,401,20,-6.2,18,1549,61.5,3.9,1004.8,1025.6,2354,1020.9,1,1023.6,9.6,8.6,1100,1.81,10.76,,,,,,0,0,-.4,-11,,,,,,,,,,1.3,1.8,,,
114,원주,2021-12-23,.8,-4.4,751,7.3,1501,,,,,,,4.2,290,1424,2.2,290,1425,.5,449,20,-5.7,34,1318,64.1,4,1006.4,1027.7,1002,1023.6,1534,1025.3,9.6,8.4,1200,1.62,9.28,,,,,,1.6,.5,-.7,-11.6,,,,,,,,,,1.1,1.5,,,
114,원주,2021-12-24,.7,-2.6,2356,4.1,1355,,,,,,0,5.9,290,2137,3.2,250,2224,.9,806,20,-4.3,55,1339,69.9,4.5,1003.7,1025,2400,1020.1,1424,1022.6,9.6,.4,1000,.78,2.54,,,,,,7.1,6.4,-.1,-8.4,,,,,,,,,,.6,.9,,,
114,원주,2021-12-25,-8.3,-12.2,2400,-2.6,1,,,,,,,7.1,290,2213,3.6,250,35,2,1713,270,-20,23,1257,39.4,1.3,1011.4,1035.2,2355,1025,1,1031.1,9.6,8.7,1200,1.91,10.78,,,,,,0,0,-4.6,-15.1,,,,,,,,,,1,1.5,,,
114,원주,2021-12-26,-10.8,-14.5,809,-6.4,1611,,,,,,,5.8,270,1539,3,290,1407,1.5,1301,250,-22.5,22,1701,38.6,1,1014.2,1037,1000,1031.6,1628,1034.2,9.6,8.7,1200,1.9,10.77,,,,,,0,0,-7.1,-18.3,,,,,,,,,,.9,1.2,,,
114,원주,2021-12-27,-7.8,-13.3,814,-4,1402,,,,,,0,3.6,290,33,1.9,50,1957,.6,532,20,-14.8,28,1227,59.8,2.1,1012.2,1034.3,844,1030,1414,1031.9,9.6,4.7,1100,1.73,7.53,,,,,,2.6,1.8,-5.5,-19.1,,,,,,,,,,.6,.8,,,
114,원주,2021-12-28,-3.8,-8.8,329,-.3,1909,,,,,,,2.1,160,1144,1.3,50,108,.4,340,20,-8.1,57,1437,72.8,3.3,1009.5,1032,939,1025,2351,1028.8,9.6,.2,1200,.92,3.85,,,,,,7.1,6.9,-2.6,-16.8,,,,,,,,,,.4,.6,,,
114,원주,2021-12-29,-.2,-5.2,333,4.6,1821,,,,,,0,7.7,230,2204,3.4,270,2150,1,863,250,-4.5,47,2123,72.9,4.4,1001.3,1025.1,15,1016.9,1808,1020.2,9.6,.9,1200,1.38,3.96,,,,,,7.1,3.9,-1.3,-12.6,,,,,,,,,,.7,1,,,
114,원주,2021-12-30,-2.7,-5.1,736,.2,1427,,,,,,,8.2,270,2031,4.5,270,1518,2,1698,270,-13.2,29,1229,45.4,2.3,1005.7,1027.8,2336,1020.8,3,1024.8,9.6,6.7,1200,1.78,9.07,,,,,,1.4,.8,-2.7,-12.5,,,,,,,,,,1.3,1.8,,,
114,원주,2021-12-31,-5.6,-8.8,2352,-2.4,1502,,,,,,,7.5,250,1430,4.1,270,1549,1.6,1418,290,-20.1,19,1539,31.6,1.2,1011.6,1033.3,2353,1027.7,2,1031.1,9.6,8.7,1200,1.89,10.94,,,,,,0,0,-5.6,-17.6,,,,,,,,,,1.2,1.7,,,
