,식당명,GRID_X,GRID_Y
0,유가호,395255,528165
1,원주칼국수,396093,527192
2,상훈 보쌈족발,395615,527467
3,연흥식당,396094,527258
4,민생회관,396033,527270
5,명랑막국수,395410,527998
6,산정집,395415,527730
7,북원사철탕,395710,531329
8,일호집,395693,527560
9,평안반점,395297,528250
10,동승루,394225,526468
11,새서울식당,385670,529150
12,영월장칼국수,393889,527062
13,무궁화집,395962,527655
14,청와대녹각삼계탕,395491,527978
15,시골집,395787,527467
16,고인돌,395648,527854
17,동화장,396242,526784
18,갈비&갈비,393658,527455
19,낙원루,394884,529976
20,태광곰탕,395153,531674
21,칭구,395642,527584
22,호남기사식당,396001,532820
23,간현짜장,385836,529044
24,황둔막국수,417249,517785
25,돌풍식당,395675,527826
26,우장군식당,395808,527247
27,산모퉁이,401560,519896
28,장터추어탕,383804,522678
29,큰곰,401563,519289
30,파리바게뜨 원주삼익점,397185,526628
31,대림순대,395398,523903
32,유원골,394779,529584
33,춘향골추어탕,396392,526732
34,별미칼국수,384031,523208
35,진수성찬양평해장국,396163,526788
36,돈채,396571,525288
37,지박사막국수,394848,527763
38,미소아식당,394444,529773
39,신혼부부,395656,527648
40,모두량스낵,395656,527648
41,임자칼국수,394550,529226
42,대구막창,394579,529515
43,덤바위집,391291,517291
44,풍년해장국,395379,525661
45,45jung,395656,527648
46,장우숯불구이,395656,527648
47,퓨전탕수육,391987,519294
48,선돈식당,396107,526780
49,해바라기 아구찜•북어찜,395917,525421
50,페리카나 학성점,395099,527489
51,달구지해물찜,395707,531626
52,메이키스,395656,527648
53,금정반점,395717,527798
54,페리카나 도영점,395377,525692
55,강변가든,393336,536245
56,호수집,392129,519933
57,이서방양념치킨,395232,526522
58,123돼지부속중앙점,396080,527208
59,만웅곰탕,393637,526288
60,페리카나 진우점,395743,530648
61,만석보리밥,395656,527648
62,김삿갓,385641,529159
63,흥업매지리막국수,391676,517693
64,청화대,395490,527119
65,굴뚝마차,396645,525060
66,물곰.해장국.해물찜,397136,524286
67,아리랑숯불구이,395632,527174
68,현분식,394595,529611
69,원식당,398466,524732
70,북원오리구이,395738,531651
71,새참과끼니,394605,529662
72,아우룸갈비,407484,513971
73,청해진식당,385660,529153
74,일호집,383960,522660
75,흥업손칼국수,393119,522280
76,처갓집손짜장,393090,522212
77,장수촌,399932,520253
78,파리바게뜨 원주1호점,395599,527570
79,장수칼국수,395215,527961
80,영월식당,396083,527503
81,송향해장국,396362,526212
82,무진장삼겹살,395906,527609
83,정지뜰칼국수,394899,528658
84,엄나무집원주본점,397549,523905
85,김밥친구,394586,529565
86,까치둥지,396310,526104
87,강남뚝배기해장국갈비탕,395099,530024
88,페리카나 봉산점,396329,527339
89,개건너식당,391465,517477
90,삼봉순두부,399973,530367
91,큰골집,400486,529479
92,황골집,400362,529468
93,반곡회관,397061,535603
94,대청마루,385272,529333
95,옛날밥집,384117,523055
96,송이네등갈비,393046,522025
97,고향집,400350,529426
98,초원염소탕,395457,525558
99,남경막국수,395563,528052
100,송학순대국 우산점,394889,529921
101,인생쌀국수,389372,530209
102,7번가피자 원주점,393917,527585
103,참나무 숯불구이,385253,524744
104,2층돈까스,393915,525719
105,가마치통닭 원주 단계점,393758,527556
106,우디트,395943,531332
107,덮밥,399333,525108
108,송이와한우,393410,525515
109,염소자리,393803,527226
110,명가감자탕,389310,530123
111,엄마네순대국삼겹살,396322,527333
112,신나구떡불고기,392269,522605
113,다래원,395223,525778
114,천하,396566,525867
115,카페 엠마오,397458,525528
116,대풍년식당,394077,525644
117,정수제고로케,398868,524926
118,복모아선지국,395377,525688
119,다시오다,407733,519965
120,숙이네포장마차,389184,530145
121,길테이블 강원원주본점,393769,527437
122,초원설렁탕 한우구이,389740,530478
123,홍대숯불구이,396066,525220
124,통큰두마리찜닭 단계점,394210,527618
125,카페더판다,388947,530137
126,돈돈고,394930,530228
127,바다양푼이동태탕 원주혁신점,398739,525058
128,짱구네닭발,395223,525778
129,제멜리예,395166,524598
130,고알아식당,398573,524969
131,단관민물장어 기업도시점,389687,530420
132,월송리경양식,386046,533868
133,본떼베키오,396168,525346
134,신전떡볶이 개운점,396282,526211
135,왔쏘 원주단계점,393930,527123
136,메이드 카페,395178,524662
137,아궁이,394549,529789
138,아담,393755,527516
139,현명이 닭개장,395954,526455
140,삼삼한구이집무실점,394140,525523
141,너구리포차,396406,526356
142,깡통집,395792,525315
143,부어치킨 원주중앙점,395892,527235
144,등갈비블루스,396559,524690
145,혁신풍천민물장어,398903,526165
146,그집분식,394156,527278
147,국수장이 원주중앙점,395578,527678
148,흙심흑염소,397197,526923
149,하코,394146,525621
150,예인로스팅,395640,525561
151,보배순대국밥,397530,523884
152,흑돼지창고,394195,527391
153,대구통닭 원주1호점,395702,526116
154,이화떡집 그리고 카페,393979,527487
155,명산식당,394323,526412
156,짝태양노가리후예원주단관점,396383,524415
157,단관솥뚜껑삼겹살,396422,524382
158,예테보리,393364,526581
159,충만치킨 봉화산점,393708,527526
160,우담,393828,526286
161,아이니,394272,526047
162,만석갈비,394219,525544
163,커피마당,393574,527387
164,피자헛 원주단구점,397190,524228
165,장수숯불구이,393024,522130
166,전국일주전집,393383,525589
167,카페행복지수,393801,527427
168,정담원,396599,525216
169,조선돼지갈비,396543,525384
170,불향기,395639,531100
171,빨간지붕,407626,518333
172,하코야 원주단계점,394068,527097
173,미소참치회,393789,527270
174,느루카메,399286,525110
175,뚜레쥬르 원주무실2지구점,393915,525434
176,얌샘 원주태장점,396023,531395
177,맘스터치 원주단구점,396318,524440
178,카츠당,395918,527344
179,BBQ치킨 원주무실스타점,393941,525528
180,엄가네닭갈비,395002,527451
181,김가네김밥 원주법원점,394100,525800
182,부뚜막생삼겹살,396850,524302
183,꼬꼬신닭발,393748,526253
184,밥볶는집,395185,525194
185,마약 보쌈족발,394077,525644
186,손탁카페,400455,526680
187,짬뽕타운문막점,385166,524612
188,홍천식당,395590,524112
189,린,394137,525586
190,본죽 원주단구점,395735,525362
191,삼삼막국수,383899,522838
192,짱돌치킨,391987,519294
193,문막가마솥영양탕,385234,525460
194,유림쇠고기국밥,395648,526238
195,가리왕산약초백숙 원주점,396971,524154
196,홍익돈까스 원주점,399287,526812
197,무실행복식당,393464,525726
198,우산옥,394845,529756
199,치악산한우셀프정육식당,398728,526141
200,청룡한우소머리곰탕,396833,523852
201,BBQ일산점,395202,527572
202,채움,405668,515561
203,자미궁,384150,523396
204,마마진스,395076,524362
205,투다리 한라비발디점,394280,528864
206,육회집,394591,529598
207,바른맥주원주단구점,396360,524498
208,낮엔밥상저녁엔술상,396758,524352
209,빡도니,393046,522025
210,레이첼스홈,399269,531755
211,평창한우마을 봉화산점,393327,527634
212,왕천파닭 단계점,393762,527320
213,봉구스밥버거 무실점,393719,526065
214,로티보이 원주고속버스터미널점,394168,526935
215,올챙이할머니,395693,527560
216,바빈스커피 원주1호점,393740,527178
217,로뎀에스프레소1호점,395356,526248
218,요런떡볶이 원주무실2호점,393915,525434
219,할리스커피 원주중앙점,395763,527472
220,파스쿠찌 원주봉화산점,393852,527289
221,고봉민김밥인 원주단구점,395735,525362
222,구움,394086,525634
223,카페드롭탑 원주법원점,394100,525800
224,카무,396870,524466
225,봉구스밥버거 단계점,393980,527005
226,명품꼬마김밥,393718,527211
227,뚜레쥬르 원주터미널점,394071,526982
228,배스킨라빈스 원주터미널,394071,526982
229,네이키드베이커리,394871,524919
230,아이러브커피,395656,527648
231,오스타스뷔페,394100,525800
232,딸부자꼬마김밥 반곡점,397011,526153
233,가마치통닭 봉산점,397046,526704
234,윤가네한우생곱창 본점,394290,528862
235,커피은석씨,390075,531935
236,섬강풍경,387256,532247
237,원주뚝배기짬뽕 우산점,394834,529449
238,한가터송어회,400394,524984
239,스테이크팩토리,393923,525648
240,황금목장,397823,526477
241,불타는화로닭발,394064,527429
242,산들내음,390465,511922
243,BBQ치킨 원주우산점,394556,529589
244,틈새포차,393724,526278
245,센,393575,527433
246,인더키친,393602,526749
247,길박사막국수,394149,526566
248,불향기,395063,524951
249,뜰에꽃송이,391241,523580
250,59쌀피자 태장점,396761,529123
251,박사커피,388968,526195
252,카페로뎀,399923,520305
253,따블드모나미,399764,530541
254,해신수산,393087,525883
255,감성육개장,393457,525592
256,개코네돈까스,395027,524970
257,생고기 숯불구이,393801,526187
258,그집쭈꾸미,397767,526525
259,흥양송어횟집,398300,531664
260,정연포장마차,394834,529449
261,염소마을,393970,527362
262,BBQ치킨 원주혁신도시점,398507,524951
263,돈까스랑 메밀이랑,394467,529528
264,금항아리마을,399643,521107
265,24시전주명가콩나물국밥터미널점,393874,527064
266,가마치통닭 흥업점,393077,522302
267,돈까스세상,395874,527246
268,홍춘천치즈닭갈비 원주기업도시점,389283,530262
269,카페 나이로비,394862,528534
270,MOON PALACE 원주단구점,396091,524480
271,희랑수제고로케,394813,529668
272,당키케이크,395682,527252
273,동네스낵,396180,530292
274,빽다방 원주중앙1호점,395572,527545
275,리얼빈스 문막점,383992,523024
276,아리차,394148,525650
277,쿠킹카페,394927,526648
278,원마트왕쌀떡볶이,396044,531204
279,뚜레쥬르 원주연세대점,391415,519891
280,파리바게뜨 원주무실세영,393672,525424
281,이삭토스트 원주롯데마트점,393781,527074
282,로즈라핀,398564,524906
283,CORO,393983,527036
284,철다리정육식당,396322,527611
285,홍게대첩,396503,524477
286,블루빈,395855,525544
287,맘스터치 원주무실점,394077,525758
288,방이샤브샤브칼국수 원주점,393347,527654
289,갑어촌,398266,531817
290,장군돼지부속,396468,528453
291,혼참치,393858,526236
292,고봉민김밥인 원주무실점,393731,526114
293,봉구스밥버거 한라대점,391993,522345
294,명량핫도그,394589,529775
295,배스킨라빈스 구곡,395626,525455
296,라마커피랩,394135,525636
297,동네책방 스몰굿씽,395358,524286
298,동경케이크,397011,526153
299,삼형제수산,389409,530185
300,둥이분식,396197,526686
301,제주뒷고기,396298,526807
302,속초게찜 원주점,398058,526855
303,이비가짬뽕 행구점,398058,526855
304,공차 원주법원점,394077,525758
305,커피할래,397118,526711
306,가연,395119,525262
307,뜨락한우곱창구이,393703,526293
308,신전떡볶이 우산점,394677,529756
309,타워냄비우동,394189,527081
310,꿀돼지순대해장국,394247,527591
311,다온감자탕,393777,526232
312,나을설렁탕,398058,526855
313,무실면옥,393330,526440
314,정원이 있는 집,395567,527397
315,라라코스트 원주무실점,393985,525712
316,쟈스민 관설점,397075,524170
317,오후가즐거운집,397091,526762
318,명륜진사갈비 원주문막점,385441,524329
319,오성삼겹살,395602,524107
320,아러이태국음식점,395620,527718
321,예쁜술자리예술,396450,524483
322,한고을,391982,521309
323,아이러브피자 명륜점,394910,524889
324,커피플리즈,394440,529573
325,요거프레소 원주무실점,393940,525454
326,치킨퐁 구곡천매점,395220,524651
327,남다른대구막창 원주단구점,396489,524486
328,정원,393349,526893
329,땡기요 원주일산점,394815,527156
330,안나로싸 앤틱카페,400690,529265
331,쉐프스카페 에비뉴파크점,399134,524784
332,커피더판다 단계점,394164,527443
333,나는야갈매기,396562,524348
334,미프 무실본점,394153,525571
335,MONO,383124,522384
336,처갓집양념치킨 강원일산점,395542,527213
337,맛있는공간,385892,528997
338,59피자 59쌀피자 롯데시네마점,395964,525175
339,연가네닭갈비,394180,528888
340,다정손두부,396581,526228
341,웅이네구이,396730,523736
342,대구연탄석쇠불고기,397404,526685
343,황골보리밥,400592,527992
344,전국지 원주단계점,393945,527292
345,네네치킨 무실점,393457,525751
346,낭자네장칼국수,394579,528437
347,고기서고기,395181,524698
348,철인7호 단구점,396427,524435
349,황둔두산치킨,417167,517810
350,달빛마루,400557,529420
351,카페마마,385111,524630
352,순덕이네고기굽는포차,393770,527494
353,만종반점,391290,527504
354,부산항횟집,396024,525569
355,국빈관삼겹살,393945,527292
356,북원반점,395875,531275
357,장터추어탕월송점,386449,533005
358,또래오래 단계우산점,393616,527573
359,수리봉,393451,521770
360,푸실,393306,521753
361,닥바타,394064,527429
362,박가네추어탕,393337,524787
363,그때그집 분점,394456,528208
364,진땡이곱창막창,394100,525800
365,민병선한방부대찌개,393993,525583
366,반곡돌위에짜장,398668,524879
367,봉구비어 원주롯데시네마점,395792,525315
368,동대문엽기떡볶이 원주단구점,395735,525362
369,제주연탄고기 단구점,395654,524330
370,섬강 기사식당,383096,522356
371,다닭다닥,393618,526368
372,배꼽골뱅이집,394284,527373
373,참숯불 착한 뒷고기,396332,526246
374,펍오클락,394087,527388
375,원조손맛할매순대국,396261,526713
376,로스팅힐,395964,525175
377,서우부대찌개,399127,524099
378,청솔김밥,396091,524480
379,영월고향촌,394182,526155
380,순천집 맞당께,396809,526364
381,웰빙식당,395643,531333
382,관우순대,394016,525559
383,신참떡볶이 원주시청점,393003,526206
384,자하동해해물,393756,526050
385,서가네가든,393282,521810
386,동진막국수,392199,520111
387,가마치통닭 원동점,395172,526850
388,브릭스,393797,526162
389,운채 다락방,400748,526558
390,송백황토오리진흙구이,400167,520085
391,불타는삼겹살,394204,525498
392,육대장 원주행구점,397930,526699
393,솔방울매운족발,396055,527238
394,진송,399734,530982
395,광수네더덕민물장어,399079,526796
396,흑돼지전문점흑차돌 봉산동박물관점,397345,526739
397,수상한감자탕해장국순대국 원주무실점,394126,525600
398,토담추어탕,394816,529468
399,우미정 말이고기,394053,525597
400,단계오복식당,395353,525397
401,소복소복소쿠리,401024,526931
402,언니네구이&생고기,393857,526142
403,달마루정육식당,395981,526157
404,요거프레소 상지대점,394413,529802
405,너답다,393436,525749
406,알천콩나물국밥,395624,526057
407,신술남,393747,527381
408,가마치통닭 원주 성호점,396716,528812
409,대돼지삼겹살,395250,524646
410,메밀꽃막국수,384144,523422
411,행복회수산,397097,524008
412,가고파포차,396596,525064
413,샤브향 원주시청점,393463,526694
414,일미리금계찜닭 원주단계점,393975,526967
415,정든밥상,394241,526254
416,소라분식,395693,527560
417,신통치킨 무실점,393707,526139
418,항아리보쌈 원주단계점,393784,527225
419,한우축제정육식당,394231,528888
420,연숙이네해물칼국수,377970,511868
421,평창송어,400464,527711
422,선진정육식당,397141,526701
423,태장삼겹살,395955,531404
424,담채한정식,394110,525586
425,육감만족 원주단구점,395421,525541
426,오향골송어회,399723,527782
427,권가네바삭한두마리치킨,394464,526275
428,광계토숯불바베큐원주1호점,393426,525773
429,화로구이깡통,393062,522278
430,충주괴산올갱이해장국,393626,526298
431,금대리막국수,400124,520210
432,해담산더미해물찜,384309,523616
433,온달족발,396638,525069
434,민경포차,395957,531421
435,남원로 442,395149,524709
436,전주현대옥 원주시청점,393648,526279
437,다복돼지,396282,526625
438,함지박,394119,525682
439,땡기요 태장점,396239,531238
440,수타 제일반점,394298,526051
441,피움카페,395840,525210
442,다빈치 한식뷔페,393992,526175
443,202식당,398332,524647
444,리지대만식당,394163,527645
445,동경케이크무실점,394009,525761
446,cafe 떼루와,398025,531232
447,닌자고쿠시,389415,530168
448,우드,393436,525787
449,카밀레,396271,527749
450,대박이네,389084,530181
451,서라미 중앙점,395092,524985
452,쏘핫마라탕마라샹궈 13호점,393892,525790
453,유알마인,382675,528519
454,치요남치킨 원주단계점,394211,527376
455,삼수갑산왕족발보쌈,397036,526795
456,오후정,395321,526549
457,이디야커피 원주흥업점,393099,522428
458,족발블루스,393741,527513
459,가야정,394424,526305
460,신계강원본점,393807,526302
461,원주기덕기사식당,394764,528896
462,카페치올라,401575,527609
463,기소야 원주점,393444,526574
464,원주곰탕,394913,529972
465,진짜우리순대,391288,523588
466,진미닭강정,395725,527721
467,토속시골밥상,394221,525573
468,언니손맛카롱,394615,529733
469,이디야커피 원주단구동점,395744,525288
470,다인분식,394825,529991
471,삼도다방,378030,511826
472,진미당분식,395693,527560
473,유유카롱,397166,526201
474,길성이 원주점,400453,526717
475,광어한마리 흥업점,393062,522128
476,명륜한식부페,394865,525958
477,가르텐비어 원주봉산점,397095,526666
478,고려원녹각삼계탕,397586,523799
479,미향,394296,527205
480,행복한우동가게,393718,527312
481,향촌,393622,527521
482,딸부자꼬마김밥,393700,526096
483,달달비어,394184,527210
484,송어회배달전문점,396370,526782
485,충남식당단구동,396725,524935
486,황금무지개송어회,394667,529585
487,금대리자연밥상,399836,520778
488,야래향,391415,519891
489,경성맛집,401260,527303
490,카페베네 원주씨네마점,395769,525426
491,커피라디오 본점,396623,523781
492,곰포차,395875,525408
493,배스킨라빈스 무실점,394005,525877
494,원주한우내장탕,397032,526759
495,비어창고,395832,531316
496,일호감자탕 무실점,393373,525749
497,가마치통닭 봉화산점,392921,528153
498,송탄부대찌개,393769,527264
499,호식이두마리치킨 봉산점,397259,526709
500,신통치킨 원주1호점,397109,524049
501,청송기사식당,395167,531578
502,흥업동해막국수,392591,522514
503,송탄온마루부대찌개,393601,527458
504,향교칼국수,395872,526439
505,이가면옥,398234,532007
506,동광식당,394974,527191
507,초록지붕,389737,526198
508,뚱땡이멸치국수포차,396151,526876
509,동하네포차,396511,524490
510,더본감자탕,397089,526444
511,얼음골송어,396112,525186
512,원주뼈집,394350,526474
513,Morish,396490,524218
514,엔제리너스원주단구점,395860,525250
515,카페루시,393731,526114
516,도레아,398626,525031
517,주천강다슬기해장국,396690,523909
518,필돈까스,393055,522252
519,베스파정육식당,393901,525982
520,이레버섯샤브샤브,395964,527310
521,굴세상무실점,393888,526195
522,고봉삼계탕 원주점,393524,526382
523,호식이두마리치킨무실점,393206,525837
524,천일식당,393758,527420
525,조가네갑오징어 원주점,395169,523091
526,소브루,394930,521634
527,일능이한방백숙,394652,529926
528,머구소,397947,526685
529,진성양푼김치찌개,394227,526212
530,크라켄 봉화산점,393817,527327
531,카페 쏠리에보,395467,527652
532,송정,392904,525677
533,배스킨라빈스 원주단계점,393665,527791
534,파리바게뜨 원주시청점,393003,526206
535,카페루앤비 원주상지대점,394533,529555
536,애뜰리,384234,521624
537,템퍼러리,395149,527548
538,나무그늘,396453,526364
539,해물촌,395520,531388
540,연안식당 원주무실점,393988,525897
541,나만아는,395591,526966
542,족발당,393914,526169
543,오리지널시카고피자 원주무실점,394077,525758
544,후라이드 바삭킹 태장점,395538,531225
545,피자헛 원주봉화점,393665,527791
546,내신1등급,395114,526916
547,CAFE 에그랑,399005,525093
548,쉐프윤찹쌀꽈배기고로케 원주점,395929,527627
549,베이커리 가루,393733,526120
550,제주도야지,389276,530087
551,오케이크 원주무실점,393922,525765
552,만복기사식당,398025,531232
553,카페1934,399271,525141
554,원주족발맛집,395140,524680
555,60계 치킨 원주무실점,393344,526638
556,문막의크리스마스,383807,522397
557,대기업짬뽕,389103,530131
558,만나정,385512,534657
559,타오 중식당,393407,526538
560,딸부자꼬마김밥 원주기업도시점,388941,531119
561,스타벅스 원주반곡DT점,397684,524196
562,로사리아,393213,522186
563,그집쭈꾸미,389346,530101
564,차이나마라훠궈,396523,524727
565,한입가득,395412,527743
566,치킨과바람피자 원주기업도시점,389597,530217
567,쑝쑝돈까스 원주단계점,394068,527097
568,카페풍경화,391395,523177
569,치킨플러스 원주명륜점,396081,526612
570,해바라기식당,389598,530279
571,간현 막국수,385776,529115
572,빅토리아,393385,527527
573,강릉교동짬뽕 원주점,394873,529882
574,토우커피,401024,526931
575,할리스커피 원주단계택지점,394173,527119
576,케익 그집,396511,524226
577,감탄떡볶이 롯데마트원주점,393784,527081
578,아리가또맘마 원주롯데마트점,393784,527081
579,원주토토쌀찐빵,400355,526844
580,coffee GABI,396972,524099
581,찬이네 통큰 왕만두,394545,529319
582,커피베이원주시청점,393463,526694
583,피자알볼로 원주시청점,393298,526470
584,태장지짐이,395702,531295
585,꼬지사께 원주기업도시점,388839,531211
586,속초회냉면,384007,523242
587,장수흑염소,385396,525908
588,홍콩반점0410 원주단계점,393929,527106
589,효춘천닭갈비본점,393849,526118
590,쓰구와,395045,524506
591,천매생삼겹살,395236,524607
592,홍대호프,394169,526143
593,남원주보리밥전문점,392961,522413
594,통큰원주막창,393833,525994
595,한스스넥,392275,519713
596,곰집,397868,531022
597,욜크,393618,526368
598,남광한우숯불구이,397129,526747
599,정가네삼계탕,395999,526377
600,이차돌 원주단계점,393627,527556
601,오야오야,393724,527526
602,소문난 해물칼국수&왕돈까스,394308,526257
603,신전떡볶이 단관점,396647,523795
604,무쏘 원주점,394119,527096
605,이화감자탕,394313,526311
606,짬뽕타운(흥양점),398188,531548
607,컬투치킨 무실사랑점,393785,526169
608,카페봄봄 원주단계점,394001,527035
609,황가네복추어탕,394874,529836
610,명성,393238,526475
611,와글와글돈까스,394168,526782
612,두꺼비갈비탕,394743,529532
613,맘스터치원주흥업점,393099,522428
614,르미엘,394174,525594
615,래래반점 단계점,393740,527178
616,멜로디카페,400467,529243
617,영풍가,393238,526475
618,청진동해장국&감자탕,395016,526750
619,디딤돌생삼겹살,394867,529981
620,미림족발보쌈 단관점,396870,524067
621,쏘쏘네수제하우스,396717,523782
622,초밥집,398496,524605
623,치엘로,396008,526505
624,프롬그라운드,394483,529767
625,들꽃가든,386187,533812
626,산해진미,384174,523292
627,댓기리포차,384168,523302
628,고고싱떡볶이,396476,524641
629,어랑회송어,394543,529348
630,피치버스 단계점,394173,527534
631,본섬조개마을 봉화산점,393626,527441
632,꼬꼬네치킨,377967,511853
633,족발반점,393607,527601
634,회산막국수,393085,528700
635,더밥상,393618,527455
636,풍년닭도리탕,394024,525587
637,모란묵은지 쫄대기전골,383789,522439
638,쭈꾸미가,394135,527468
639,피자마을,396878,523919
640,장터국밥,396103,527517
641,산마을,392951,519671
642,심마니능이백숙,385963,534049
643,김밥친구네,396624,526354
644,바다애참치,394101,525664
645,강촌돌솥쌈밥,395379,525383
646,춘천호반닭갈비,393770,526262
647,도누팜,394036,527452
648,산림조합로컬식당,398190,527917
649,나연이네포차,398512,524723
650,연경,394085,527462
651,더클래식N,393718,527211
652,카페엘리스,399101,525011
653,밥FULL 원주흥업점,393144,522281
654,아미쿠스,396194,524016
655,놀부부대찌개 원주혁신점,398662,524870
656,베이와빈 무실점,394116,525681
657,또래오래 태장점,395510,531343
658,조코만삼겹떡볶이 원주직영점,394302,526331
659,인생막창태장점,395665,531130
660,카페어니스트,393891,526130
661,참 명가족발,395208,526362
662,밥먹자,394470,529568
663,마왕족발 원주기업도시점,388941,531119
664,Tueio 뚜에이오시청점,393722,526220
665,봉화산숯불풍천장어,393762,527403
666,촌놈참숯갈비,397215,526705
667,코리엔탈깻잎두마리치킨 흥업점,393055,522252
668,치악산송어회 본점,400942,529354
669,동네맥주,397219,526684
670,팔선,394106,525615
671,커피더판다 관설본점,396632,523680
672,미림족발보쌈본점,393385,525626
673,해송해물탕,394255,522370
674,허선웅닭갈비단구점,395675,524382
675,무실동나주곰탕막국수,394220,526062
676,동대문엽기떡볶이 원주중앙점,395901,527387
677,COFFEEVIEW,396878,523826
678,정심순대국,395206,524628
679,마이테라스 행구점,397759,526638
680,카페로빈,393615,526308
681,박가네가정식백반,395670,531534
682,마당촌,394216,526126
683,안채,395121,528484
684,매지리막국수,396811,524045
685,553,401647,527323
686,모래내순대,394310,526167
687,싱글포차,396790,524294
688,사오정피자치긴,394826,528782
689,신월동교토참치,393816,527320
690,박가네민물매운탕,385437,525865
691,흑돼지마을,393374,525614
692,포대인대구막창단계택지점,393982,527336
693,피자나라치킨공주 원주무실점,394206,526075
694,먹자삼겹살,396330,527368
695,착한소샤브샤브,386548,524975
696,호수꼬치 원주무실점,393769,526214
697,영빈식당,396001,525619
698,빛고을손칼국수,395270,525759
699,제이제이웨스턴바,393627,527556
700,아궁이포장마차,395305,525244
701,김가네식당,390264,525653
702,아일랜드 카페,399554,526799
703,맵스불닭앤닭발명륜점,395191,525113
704,이모네맛집,387114,526480
705,구이구이,399179,531551
706,엄마의밥상,395322,524315
707,까페봄마중길,398474,524890
708,이베리코,395980,525559
709,남도꼬막앤한우명가,393378,526559
710,뱃노리 횟집,398729,524943
711,혁이정육식당,395084,525003
712,시레기순대국,395588,527368
713,혁신숯불구이,399262,525083
714,영짬뽕,382948,534265
715,레옹,399083,525037
716,배부장찌개 원주혁신도시점,398481,524799
717,미아리우동집 단계점,394189,527081
718,장수면가,395174,527789
719,정가네오리와도야지,393860,526260
720,로체,395924,531305
721,진땡이 한우 곱창 막창 원주기업도시점,389408,530214
722,비엔나커피하우스 무실단구점,396397,524619
723,산아래식당,405257,536262
724,마이테라스,393665,527791
725,166pub,393778,527520
726,고즈넉이,395057,524296
727,강원한우곱창,393740,527529
728,가마솥소머리해장국설렁탕,390322,507731
729,공차 원주단구점,395663,525422
730,바다회명가 해원,398859,524985
731,역전할머니맥주 무실점,393868,526155
732,백스비어 단계점,394097,527082
733,영해네분식,383808,522295
734,다이꼬지 무실점,393892,525790
735,해가온,393687,527305
736,광어한마리 단계점,393341,527847
737,한성장칼국수,397300,525800
738,옛날통닭무실점,393377,526012
739,준이네순대국감자탕,385170,524711
740,파주닭국수 원주혁신점,399203,525087
741,몽까이 원주무실점,394124,525573
742,한우축제,394052,524949
743,다기랑,394005,525877
744,알미커피,385507,534635
745,요거프레소 원주향교점,395614,526144
746,오션킹,393735,526211
747,원주그집,394968,528612
748,웨이클리,407999,515492
749,에이치,395570,527745
750,불향기 흥업점,392995,522347
751,작은라떼,395152,524294
752,참숯 숯불구이 수갈비,396514,524368
753,출렁다리식당,385389,529159
754,카페 하임,395603,531551
755,썬다방 중앙점,395841,527466
756,오늘통닭 원주행구점,397649,526605
757,60계 치킨 원주기업도시점,389364,530175
758,동대문엽기떡볶이 원주혁신도시점,399142,524895
759,남가네설악추어탕 원주점,398931,542685
760,속편한 흰민들레 만두,392995,522347
761,고기듬뿍대왕비빔밥,394186,527537
762,이삭토스트 원주법원점,393863,525762
763,매일순대국감자탕,394483,529767
764,7375와글,395575,526689
765,속초코다리,395880,525438
766,쉐프스카페원주점,398678,524969
767,브레드테이블,395843,526383
768,진칼국수,398188,523446
769,강솔마을,396048,522464
770,죠샌드위치 원주무실동점,393320,526609
771,마라몽 원주점,393863,525762
772,교촌치킨 명륜점,395457,525520
773,제주흑돈,394174,527375
774,파스타부오노 중앙점,395569,527559
775,토정추어탕,398186,531448
776,외가집 원주점,394027,524981
777,새마을식당 원주혁신도시점,398448,524872
778,참치혼네,398886,525016
779,육쌈냉면,395583,525405
780,어반루프탑,398049,526677
781,고단한식뷔페,395639,532848
782,일식당,398728,524986
783,할머니밥집,394241,527537
784,퀴즈노스 원주무실법원점,394009,525761
785,클래식,392842,527969
786,횡성한우곱창알천,398496,524799
787,맛있는안주가있는술집,396495,524285
788,하루엔소쿠 원주시청점,393426,526360
789,메가엠지씨커피 원주무실점,393966,525798
790,볼타커피,396178,523989
791,쿠우쿠우 원주혁신점,399351,525006
792,화닭발,395157,525226
793,루즈엔드,393447,525578
794,랜덤커피,397034,526232
795,유2버 호프,393915,525719
796,수제도시락마마수니,394165,525496
797,복도야지,394664,526925
798,이든,393834,525663
799,카페띠아모 원주혁신점,398317,524706
800,조판,393762,527320
801,파이니크,395693,527560
802,꽃비,393825,526139
803,해바라기밥집,393618,526368
804,카페위로부터,395644,524077
805,카페 투어티,395910,527335
806,한성,393668,526304
807,모심곤드레장칼국수,397976,523384
808,페리카나 단계점,394645,528277
809,갈집,388969,530168
810,가마치통닭 기업도시점,389264,530193
811,선참치,396493,524777
812,참치 운,395625,527336
813,배달삼겹 돼지되지 원주1호점,394998,526734
814,청년피자 원주점,394929,524957
815,카페 던오뷰,393977,527506
816,오후의 커피,397717,526095
817,오가네장터국밥,396491,525332
818,카페 킴스,400330,526804
819,보쌈애족발,397649,526605
820,갈매기살이맛있는집,395881,525418
821,PUB372,394039,524967
822,스마일명품찹쌀꽈배기 원주점,394567,529396
823,청담순대,396385,526611
824,365분식(떡볶이),397978,524237
825,본죽&비빔밥cafe 원주법원점,394009,525761
826,에이브레,396189,527072
827,찬이네감자탕,393977,527101
828,볼륨1412,392036,519449
829,59쌀피자 원주중앙점,395678,527401
830,사누키우동족발,398691,524964
831,크렘,394627,527018
832,드림펍,394124,525573
833,오르새피자 남원주점,395623,525839
834,호반식당,389047,530116
835,아비꼬 원주무실점,393966,525798
836,황금찹쌀꽈배기 원주점,395629,527594
837,여우다방,396312,528195
838,청년포차,392278,519540
839,숲앤휴,395013,520035
840,천매칼국수,395182,524462
841,초원갈비,396375,527466
842,아지트제트,395616,525413
843,원주뚝배기짬뽕,394105,525552
844,이시오시김밥,394009,525761
845,왕짬뽕,396560,524580
846,초닭 명륜점,395191,526558
847,카페써니,395420,525502
848,응급실국물떡볶이 원주무실점,394100,525800
849,봉숯불갈비,385283,525591
850,썸짓,395594,527762
851,보글보글돼지볶음찌개,396152,527120
852,돌부대찌개 흥업점,393090,522212
853,카페딕셔너리,394001,529752
854,또바기언제나한결같이꼭그렇게,395227,525113
855,원주속초닭강정,396126,526568
856,브라운돈까스 원주 혁신점,398496,524605
857,손가네지짐이,394660,529403
858,낭만닭강정,393087,525883
859,커피와나무,393718,527211
860,혼술다찌,393482,525729
861,창스시,395128,528195
862,기리부엌,393618,526368
863,돈카돈카,389210,530191
864,라멘 돈부리 이쿠조,389305,530145
865,미니펍 원주단계점,394189,527081
866,오장동흥남집 원주점,393784,527081
867,왕쌀떡볶이,393789,526070
868,쿠치나 디 세나,393339,525631
869,드롭탑 문막휴게소점,387638,525949
870,솔반,393494,525179
871,설빙 원주단구점,395626,525455
872,우리두리 분식,393977,527801
873,에비야,395114,526916
874,벨르마카롱,393922,525765
875,크래프트한스 원주무실점,393943,525753
876,홍갈비,396254,526962
877,또래오래 간현점,385739,529160
878,달다구리,396998,524312
879,싶다,393100,522087
880,가마치통닭 태장점,395812,531087
881,꿈의두부,400628,526872
882,미돈미가,398161,524790
883,담짜장,398161,524790
884,원주수산 양어장횟집,396573,528578
885,옥봉네국밥집,395656,527648
886,2도비어 원주혁신점,398301,524840
887,만나식당,394867,529869
888,탄탄면공방 원주단계점,394189,527081
889,메가커피 원주단구점,395626,525455
890,르브레노,396939,526849
891,쿠바블랜딩,393880,526164
892,썬다방,394190,527265
893,그리너리,394838,521007
894,닌자고쿠시,398424,524865
895,멕시카나치킨 단관점,397152,524079
896,아시안라운지,393924,525828
897,바다별마켓,397300,525800
898,김밥클럽,393382,526495
899,어게인,393175,522426
900,쁘띠제이,395656,527648
901,엘에이,394113,527360
902,잼므,395296,524630
903,꼬망,395693,527560
904,성실메밀부침,396331,526271
905,명륜미술관,395938,526562
906,오클라우드 무실점,393673,525542
907,김양비어 원주단구점,396405,524430
908,건강로 행복식당,399134,524784
909,동명카츠 원주단구점,395626,525455
910,올리앤 원주점,397999,526584
911,엔돌핀팩토리,393027,528288
912,심야포차1987,393948,525690
913,신전떡볶이 원주기업도시점,389210,530191
914,선,396510,524716
915,예술,394237,527337
916,치킨플러스 원주우산점,394847,529985
917,라돌체비타,401109,527537
918,못말리는 파닭 흥업점,392497,522549
919,부자밥집,393313,526414
920,원주장진우식당,395876,527291
921,배말소머리국밥,396986,526871
922,치킨마루 명륜도영점,395158,525741
923,오가네 손두부막국수,385304,529292
924,아삭아삭과일카페,393714,525592
925,라무진 원주센텀점,394009,525761
926,도향막국수,394851,526649
927,무실막창,393891,526130
928,철인7호 원주우산점,394598,529622
929,석관동떡볶이 원주중앙점,395651,527557
930,엄청난떡볶이,393987,525824
931,오전한시,393718,527211
932,더리버카페,377953,511935
933,별천지갈비탕,377966,511816
934,커피헤브론,399089,524890
935,호구,393753,527531
936,골목식당 개운점,396315,526717
937,미쳐버린파닭 원주상지대점,394626,529768
938,싸움의고수 무실점,393915,525719
939,FROG,393767,527366
940,하노이별 원주무실점,393966,525798
941,풍년족발,396853,525187
942,설원칡냉면 중앙점,395955,527210
943,베트남노상식당 무실동점,394005,525877
944,강해루,398324,537329
945,커피쿠잉,396338,527300
946,주문진동태탕,397978,526857
947,지코바치킨 단구점,396596,525344
948,하노이포 원주점,395351,525341
949,카페 아리,396453,526340
950,미가 콩나물국밥&잔치국수,393330,526440
951,분홍카페,385200,524133
952,코코힐,400525,527958
953,우리동네국수집 기업도시점,389364,530175
954,모찌네식당,394523,529797
955,태양부양꼬치 무실점,394134,525664
956,스타벅스 원주명륜DT점,395748,526002
957,전여사곱창,398884,524945
958,미스터피자 원주터미널점,394204,526859
959,봉봉떡볶이단계점,394466,528586
960,행복돈까스&스파게티,394936,526608
961,조이룸보드게임카페,395800,527511
962,오빠닭발,393983,525657
963,베스트빈 원주시청점,393891,526130
964,솔치송어횟집,417927,518556
965,COFFEEBAY 커피베이 단구점,395735,525362
966,밀향기,393820,523405
967,용족발용국수원주본점,395639,525349
968,래래반점 본점,393793,527367
969,전주식당,385399,529140
970,삼교리동치미막국수 태장점,396952,529160
971,불타는 삼겹살,395181,527325
972,도쿄라멘 원주단구점,395764,525338
973,가마치통닭 단구점,395817,524646
974,돈우리,394745,528367
975,펠리치타,399512,527530
976,투썸플레이스 원주시청점,393441,526516
977,정선골송어,384160,523312
978,기호네돌김치찌개,396976,535735
979,카페808,401498,518969
980,수미감자탕,389022,530137
981,너의인생참치,396436,524293
982,참치집,393832,526236
983,샐러디 원주혁신도시점,398570,524608
984,투썸플레이스 원주무실DT점,393603,525425
985,정가네가마솥삼계탕,395814,523923
986,더드림카페,395680,524598
987,황제해신탕,387256,532247
988,아늑한옥,407650,517613
989,또바기칼국수보쌈,396719,524956
990,컴포트,398511,524807
991,역전할머니맥주 원주단구점,396325,524420
992,커피달콩,395047,525074
993,일식코스 전문점 다이스끼,397274,524408
994,민병선부대찌개&닭볶음탕,398497,524877
995,엄마네컵밥,393652,525516
996,버니드롭,395656,527452
997,소와돈정육점식당,394955,524845
998,소문난삼계탕,400494,530693
999,그집떡볶이,396158,525309
1000,번트그린,396007,526149
1001,노랑물꼬기,394206,526075
1002,백운,392417,520450
1003,연안식당 원주행구점,397930,526699
1004,팔팔풍천민물장어,393759,527286
1005,더벤티 원주중앙점,395712,527437
1006,부지갱이밥상,385739,529160
1007,앙칼진 복만두,393298,526567
1008,신림짬뽕,406890,514527
1009,아름삼겹살,397059,526788
1010,은아식당,393391,525663
1011,아오야마식당,399253,525174
1012,대독장 원주점,398333,524650
1013,꼬지사께 원주우산점,394256,528845
1014,카페마운틴,397088,524334
1015,투존치킨 태장점,395683,531112
1016,도란도란2,394231,527990
1017,구석집,393762,527320
1018,보릿고개 본점,398161,524790
1019,미소부대찌개칡냉면,393796,526288
1020,맥주동산,394021,527453
1021,후계자정육참숯불구이,395983,527507
1022,돈사무소,396499,524347
1023,쉐프의부대찌개 원주무실점,394055,525730
1024,문막의밤,384349,523594
1025,감성미각,394076,524922
1026,미로시장 꿈,395693,527560
1027,장쓰김밥,392878,520956
1028,명인만두 원주단계점,393922,527408
1029,킬로그램 무실점,393846,526226
1030,노랑통닭 원주단구점,396375,524520
1031,청정153송어,396873,524488
1032,위치커피 원주개운점,396263,526715
1033,천도순대,394435,529542
1034,남부밥집,396095,526631
1035,카페 에프,392818,528025
1036,봉화산순대태장점,395747,531293
1037,엄마감자탕,395019,530237
1038,아빠손족발,393363,526418
1039,도영삼겹살,395125,525772
1040,명륜진사갈비 원주우산점,394259,528845
1041,시골보리밥,396426,526337
1042,치킨678 원주무실점,393741,526241
1043,인쌩맥주,394172,527307
1044,카페딕셔너리,391415,519891
1045,79대포 원주흥업점,393144,522281
1046,소담뜰 본점,391885,519021
1047,리쉬밀,389047,530116
1048,게랑회랑,397963,526727
1049,오리상회,400018,526176
1050,여우별,400946,527233
1051,원주보쌈왕족발,393747,526883
1052,수철이네왕새우튀김 원주무실점,393966,525798
1053,신통치킨,396420,528811
1054,짱면사무소,397013,526789
1055,헬로해장국,396854,524615
1056,완자네순대국,395977,527293
1057,구름공방 원주무실점,394102,525702
1058,문화정육식당,395981,525445
1059,하모니,400875,529146
1060,일고커피,395927,527395
1061,마약통닭,394234,526560
1062,또 다시 봄,393948,525690
1063,동아커피샵,394782,529569
1064,미소야 원주메가박스점,393980,527005
1065,청담생고기,393689,525568
1066,쉼표,400974,527254
1067,하루밥상,399491,525852
1068,도미노피자 원주점,395022,527496
1069,잔칫날전,398346,524800
1070,율식당,394516,527752
1071,터득골북샵,388851,518458
1072,미카도스시 원주무실점,393922,525958
1073,달콤커피 문막휴게소하행점,387629,525927
1074,닭공장,394205,525589
1075,오늘도 족발생각,396767,524373
1076,우리동네국수집,393987,525824
1077,귀래집,396163,526788
1078,뽕잎사랑 원주혁신점,398367,524633
1079,선미네손두부,399085,532753
1080,가마솥설원순대국 원주기업도시본점,389368,530154
1081,강창구찹쌀진순대 원주단계점,394579,528437
1082,더벤티 단계점,393725,527278
1083,양평원조해장국,399169,526742
1084,춘자네아구찜,393172,525830
1085,33떡볶이 봉산점,397185,526628
1086,카페바바,395330,524619
1087,Brun T,393012,524534
1088,포장마차1986,394218,527109
1089,제주오라방,398426,524883
1090,작은식당안,396649,523674
1091,박군자진주냉면,393323,527538
1092,순이 칼국수,393110,522231
1093,양화로양고기,394230,525557
1094,예지현,395919,526162
1095,이디야커피 원주무실점,393670,526152
1096,터닝페이지,393426,526360
1097,쉐프의부대찌개 원주혁신도시점,398570,524608
1098,라무진 원주점,394086,525634
1099,족돌이 족발전문점,385069,524708
1100,고릴라떡볶이,393967,527413
1101,처갓집양념치킨 단관점,397011,524003
1102,우주라이크커피 원주남부시장점,396015,526420
1103,횡성한우곱창알천,393632,527527
1104,개성집원주점,394185,525481
1105,인생역전,394261,526208
1106,총각회수산,394334,526288
1107,솔터닭갈비,394030,525620
1108,주문진막국수,393298,526567
1109,쿠우쿠우 원주점,394064,525831
1110,요거프레소 원주한라비발디점,394221,528861
1111,치킨마루 구곡명륜점,394919,524828
1112,오로지김밥,397696,526587
1113,본죽 원주우산점,394595,529611
1114,쟈스민흥업점,392341,520125
1115,소도고기뷔페,393673,525542
1116,33떡볶이 원주점,393965,525730
1117,호반닭갈비,399190,525282
1118,명일김등순,396639,525082
1119,주문진삼삼해물찜,395649,526063
1120,커피베이 원주무실점,393339,525730
1121,한정식송향,400879,526981
1122,듀렛,398617,524956
1123,청정고을순대,395722,525913
1124,소소한포차,396030,525627
1125,횡성더덕밥김가,398630,526765
1126,돈워리비해피원주무실점,393817,526248
1127,밥알이밥통칠때,395138,527509
1128,담소,401181,526991
1129,한솥도시락 원주명륜남부점,396108,526651
1130,원스커피,397734,526553
1131,번개분식,396458,527279
1132,구이닭연구소 그리고 국물연구소,392236,519619
1133,3대평창순두부,392313,520118
1134,큰언니순대국,391850,518745
1135,능소호두과자,393391,526503
1136,봄내,400683,528064
1137,원주레일카페,385758,529061
1138,청객잔,394055,525730
1139,굽네치킨 원주단구점,396183,524276
1140,할멈숨두부,394241,527417
1141,더벤티 원주무실점,394055,525730
1142,한돈가 단구천매점,394967,524695
1143,원주뼈대있는짬뽕,396976,526857
1144,풀잎한식뷔페,396358,526676
1145,야미마라탕,398418,524851
1146,바다래해물찜,395679,531591
1147,카페구트,396954,523839
1148,플레이스38 연세대미래캠퍼스점,392277,519691
1149,밀플랜비 상지대점,394436,529799
1150,대박짬뽕,395064,525867
1151,대산순대국,394342,526406
1152,오메가생선구이,394055,525730
1153,세자매동태알탕,396121,526669
1154,까치기계우동,394833,530013
1155,어사또왕족발,395358,524326
1156,민혁이네외국포차 원주단계점,393621,527421
1157,돌탑갈비,396535,526792
1158,순이네횟집,395743,531165
1159,윤가네한식뷔페,389191,530193
1160,죠샌드위치 원주혁신도시점,398266,524740
1161,마르코,400866,528310
1162,명동칼국수 치악휴게소상행점,404516,517212
1163,르매지,392036,519449
1164,밋미,393343,525602
1165,오땡포차,394698,529727
1166,카페 창,396762,526369
1167,공차 원주단계점,394189,527081
1168,치요남치킨 원주단구점,396115,525282
1169,군산오징어 원주무실점,394005,525877
1170,우렁이쌈밥,396766,523982
1171,솔샘꼬마김밥,393925,525503
1172,대박감자탕,396085,527311
1173,딜라이트커피랩,393602,527411
1174,욕심장어,385606,534572
1175,천마산막국수,384091,522819
1176,서울야식,395619,531389
1177,롤링스톤,393965,525730
1178,솔나무 막국수,385802,534464
1179,명륜진사갈비 원주기업도시점,389158,530265
1180,놀부부대찌개 원주무실부대점,393924,525828
1181,전주팔미콩나물국밥,393959,525627
1182,가마치통닭 강원본점,395942,525501
1183,만낭포식당,387147,526496
1184,곱창백화점 원주학성점,395147,528167
1185,스테이크보스 원주무실2지구점,393922,525765
1186,그라도,393546,527484
1187,진땡이순대국,392722,523495
1188,충만치킨 원주혁신점,399139,525083
1189,태권치킨 행구점,397756,526577
1190,멕시카나치킨 무실중앙점,393966,525798
1191,카페공감 원주반곡점,397111,526438
1192,모코롱,395693,527560
1193,태영생막창 단계점,393611,527588
1194,조부자매운순대가 원주점,393924,525828
1195,교동빵카페,395623,526408
1196,카페틔움,395065,528081
1197,소양강민물매운탕,395056,525029
1198,딸바보네,394587,521890
1199,카페라온,390152,507631
1200,홍루이젠 원주혁신점,398420,524616
1201,천우,394794,529996
1202,울엄마밥상,383099,522381
1203,홍루이젠 원주단구동점,395661,525334
1204,태능숯불갈비,395334,525068
1205,커피반하나,395757,525917
1206,광화문갈비,393987,525824
1207,송어회랑 능이삼계탕,399795,530383
1208,수숯불직화꼬치,394290,528862
1209,일호감자탕 봉화산점,393616,527573
1210,울엄마닭발,396453,526340
1211,빵앗간,393665,527791
1212,길리,393642,526344
1213,벌교꼬막비빔밥,399222,525288
1214,아리램,394005,525877
1215,왕감자,396541,524664
1216,라바니,397919,524228
1217,혜원이네포차,396386,526448
1218,백반전문점,395443,527945
1219,문,395693,527560
1220,김가네보리밥전문점,392415,520378
1221,수근이네포차,393447,525647
1222,담담정,395693,527560
1223,스타벅스 원주무실점,394014,525685
1224,배달5삼겹,394211,527376
1225,딸부자꼬마김밥집태장1동점,396304,528182
1226,긴뿔달린토끼,393791,526079
1227,고깃집,393605,527453
1228,쏭스핫도그 원주일산점,395557,527582
1229,홍익궁중전통육개장 원주혁신점,399101,525011
1230,남산고기집,395546,526672
1231,량,393966,525798
1232,동춘각,388998,530126
1233,59쌀피자 흥업점,393082,521814
1234,하늘금,401238,526767
1235,카페쿱드림,395525,527685
1236,60계 원주단계점,393725,527278
1237,달봉이네 양념집,393087,525883
1238,본앤본죽 단계점,393885,527142
1239,스푼더마켓 원주혁신점,398971,525115
1240,고바우 해장국,393899,527130
1241,명태촌,393673,525542
1242,꾸미꾸미 원주점,397186,526701
1243,모모의찻잔,395462,525045
1244,마망스아뜰리에,395025,524952
1245,60계 원주태장우산점,395655,531103
1246,횡성촌놈생고기,393780,526208
1247,부산자갈치생선구이,395255,524231
1248,장터감자탕,383885,522718
1249,베니니,398302,524672
1250,돈갈매기(행구점),397712,526586
1251,자성화맛집코다리네 원주행구점,398913,526830
1252,귀래감자탕,389923,507542
1253,더카페 원주혁신점,398971,525115
1254,정성오향족발,389277,530165
1255,아라비 일산점,395348,527588
1256,행구치킨호프,400494,526819
1257,황소마을식육점,395150,525528
1258,맛찬들왕소금구이 원주무실점,393714,525592
1259,카페부르봉,396758,523767
1260,창하반점,388987,530101
1261,주언니,395921,525494
1262,송학순대국단계점,394137,527352
1263,두찜 원주혁신점,398507,524951
1264,발아커피,396114,526578
1265,카페소볼,396129,525199
1266,푸라닭 원주단구관설점,396596,525229
1267,대가락,392908,526243
1268,명랑핫도그 원주중앙점,395661,527561
1269,대박수산,395475,525559
1270,장가네밥심,385247,525567
1271,예향정 무실동점,393785,526276
1272,권가네육개장,396376,524452
1273,푸줏간,396453,524637
1274,셀렉토커피 원주흥업점,393110,522231
1275,Rodem Espresso,396352,524794
1276,카페아인,384184,523232
1277,동화속게장정식,386632,524689
1278,미가스시 기업도시점,389654,530383
1279,땡기요 단구점,396499,525013
1280,준식당돈까스,394599,527102
1281,제주도야지 단구점,395989,525525
1282,카페데일리,386243,529468
1283,두끼즉석떡볶이 무한리필뷔페,393877,525695
1284,커피빈 원주AK플라자점,393784,527081
1285,승창식당,395372,526798
1286,COUP COFFEE,394580,527086
1287,백운집식당,395973,527385
1288,꽃 삼겹살 꽃도락,395875,531275
1289,미루,398512,524723
1290,반곡역한우 원주반곡혁신점,399608,524903
1291,대구통닭 혁신점,398256,524705
1292,운채세번째이야기,400728,526531
1293,강정구의피자생각 원주점,395256,525480
1294,2004즉석떡볶이,393193,522438
1295,커피스푼,389720,530454
1296,12안젤로,393719,527319
1297,예미,395693,527560
1298,대구통닭 단구관설점,396567,524400
1299,중앙통닭,395520,527645
1300,미라클5.5,393437,525730
1301,평창막국수,396258,531560
1302,더뷰,392257,519689
1303,풍미식당무실점,393834,525663
1304,레인보우,401443,527444
1305,역전우동0410 원주단계점,394068,527097
1306,이석민피자문막점,385201,524404
1307,삼삼한구이집,393644,527483
1308,거福,395300,525070
1309,한소야,394235,527325
1310,오산조은참치 원주원동점,394998,526734
1311,명가횟집,407444,514152
1312,심명애손두부,394982,524875
1313,꼬꼬머꼬 매지연세점,392282,519727
1314,우리우동집,395945,531302
1315,수가성 순두부,393080,522164
1316,계동치킨 문막점,385055,524689
1317,제우스,395656,527648
1318,대로포차,394211,528211
1319,나인아울스,399136,525145
1320,곱창에 소주한잔,388941,531119
1321,우노,394293,527330
1322,박차닭갈비,395280,525014
1323,참숯골,393930,527123
1324,돈까스마을,395656,527648
1325,장금이감자탕 삼광택지점,397201,526702
1326,가마솥황골마당,399768,530722
1327,다래순대,395837,530274
1328,요일또감자탕우거지해장국,385470,524452
1329,라이코스,396182,525787
1330,일송정숯불갈비,396382,526624
1331,문막추어탕,385360,524047
1332,동강추어탕,396696,523794
1333,신성손칼국수,394772,529958
1334,황둔원조찐빵,417233,517776
1335,송어무한리필,401280,536745
1336,퓨전포차틈새,395999,525583
1337,닭갈비뻐꾸기가게,394988,526502
1338,흥부네막국수,394808,521740
1339,페리카나 단관점,396873,524118
1340,아랑카페,377952,511919
1341,작은먹거리,393983,527036
1342,명륜진사갈비 원주무실점,393476,525626
1343,굿주스,391885,519021
1344,우리가,394606,533353
1345,진미숯불구이,395191,526558
1346,장수촌 원주행구점,400481,527723
1347,둔내화로구이,395576,527786
1348,번개大반점 단구점,395523,525333
1349,샛별맛짜장,394830,528361
1350,춘천닭갈비 일산동본점,395607,527344
1351,명품한우한돈,394266,527441
1352,피자헛 원주태장점,395598,531210
1353,송박사부대찌개,396360,524595
1354,들말촌영양돌솥밥,398348,531851
1355,승오한우,398385,524836
1356,진천해장국,391378,528084
1357,프레임,391054,524589
1358,조선돼지갈비본점,396912,524360
1359,선진삼겹살곱창 분점,394642,527000
1360,성원순대,393055,522252
1361,치킨매니아 단관점,396183,524276
1362,황둔찐빵,417230,517812
1363,무샤 혁신점,397934,524202
1364,7번가피자 기업도시점,389257,530649
1365,아름삼계탕,396046,527684
1366,천사곱창 단계점,394189,527081
1367,팔공티단구점,395701,525390
1368,원조일미집,393952,527340
1369,서강염소탕,395073,525064
1370,광어한마리9900원 원주점,393360,525761
1371,까페예그리나,395246,526508
1372,국수몬원주본점,397261,526675
1373,신스14,400783,528283
1374,흑돼지삼백식당 오크밸리점,385572,534565
1375,동강어죽,392070,520194
1376,로데오식당,395601,527403
1377,참샘커피,396180,526253
1378,칙스,392328,519758
1379,동해동태찜전문점,394467,528339
1380,카페 킵인터치,394507,529785
1381,가보자토종순대국밥,385470,524452
1382,원조개성손만두,394353,526764
1383,선희네식당,394497,528359
1384,지가네전주식백반,395959,527444
1385,영화은마차,395957,527646
1386,향온,407475,514086
1387,짱돈까스,395656,527648
1388,미가참치단계점,394069,527399
1389,부산광안리횟집,393958,527102
1390,일호감자탕 단계점,393979,527288
1391,칠칠켄터키 원주단계점,394190,527265
1392,세홍야식,396773,524937
1393,소고집,397136,526725
1394,중화요리 차이나,393381,525648
1395,천진함흥냉면,394335,528253
1396,대학원,392269,522605
1397,반올림피자샵 원주점,394293,527317
1398,달,395646,530896
1399,골목닭갈비,395069,525891
1400,장안집곱창,393955,527482
1401,만나찌개랑고기랑,384117,523319
1402,통영고등어회,397035,526724
1403,다산식당,395931,527412
1404,피자알볼로 원주1호점,396151,526876
1405,효춘천닭갈비태장점,396023,531395
1406,뚜레쥬르 원주중앙점,395651,527557
1407,뚜레쥬르 원주상지대점,394590,529774
1408,카페 레브,394498,529529
1409,참숯생뒷고기,397107,524384
1410,팔도포차,394221,528861
1411,에루화,395062,524549
1412,명동칼국수 문막휴게소 강릉방향,387629,525927
1413,우동 문막휴게소 강릉방향,387629,525927
1414,밥사랑,395264,525404
1415,빅타임,396180,530292
1416,문막막국수,384089,522884
1417,원주남원추어탕,396759,525219
1418,딸부자꼬마김밥 관설점,396721,523711
1419,커피라구,398922,524983
1420,행복한 떡볶이,396763,529117
1421,포베이 기업점,389361,530276
1422,도야지상회,398488,524844
1423,아메르,393833,525994
1424,엄마밥,396749,526353
1425,복도참치,398376,524932
1426,또래오래 일산학성점,395880,527405
1427,장인족발 원주본점,393438,525699
1428,굽네치킨 원주무실점,393618,526368
1429,밤나무집,404778,535051
1430,규짱카츠,398463,524865
1431,한방서원갈비,394308,525542
1432,원주식당,393372,525636
1433,찌개공방,394100,527438
1434,국수가,394199,527584
1435,양반네,393967,527163
1436,추억의연탄불고기,391959,519286
1437,구이마당,395108,525826
1438,삼정숯불구이,395224,524992
1439,가마솥손두부,395040,525100
1440,둥지본가,401301,519238
1441,아다미 단계점,394078,526877
1442,나우구이집,394778,529599
1443,전천래오리닭곰탕,394307,527377
1444,해운대일식 횟집,394132,527281
1445,대복추어탕,397074,524354
1446,초원칼국수,396699,527199
1447,흥업둥지,392304,522539
1448,강림통나무집,397118,526733
1449,기와집,392426,520423
1450,곱창에 소주한잔,397233,524187
1451,대구집,394868,529344
1452,저녁에구이,395443,527090
1453,김밥나라도영점,395125,525772
1454,구들장,396039,526565
1455,개성집 기업도시점,388963,531161
1456,북촌,401068,526954
1457,딘,393718,527312
1458,북촌육회,395669,530919
1459,빅쭌부대찌개 문막점,385448,525889
1460,The홍,395213,524520
1461,36페이지,397456,530052
1462,만랩커피 원주태장점,395558,531101
1463,103바지락 손 칼국수와 49고기냉면,398049,526677
1464,카페다옴,395176,527313
1465,비에뜨반미 원주터미널점,394189,527081
1466,만사성,394310,527850
1467,단관택지청정고을순대,396368,524482
1468,김밥천국단계성원점,394927,526648
1469,응급실국물떡볶이 원주기업도시점,389408,530214
1470,대관령양꼬치,394081,527323
1471,우드스탁,395991,531394
1472,로띠번,396732,525886
1473,소도스시,396541,524340
1474,옥봉한우해장국,396741,524896
1475,흥양해물순두부,397998,531282
1476,황토진흙오리구이,396457,524248
1477,변정환이네철판구이,395105,524690
1478,포대인 대구막창,397165,526703
1479,도미노피자 원주명륜점,395905,526331
1480,달빛싸롱,397031,526737
1481,본가황둔웰빙쌀찐빵,417214,517809
1482,대구허군숯불막창,389001,530312
1483,바우로스터리카페,392916,528001
1484,친친,397034,526232
1485,청년다방 원주단구점,395663,525422
1486,마라내음 원주점,394561,529750
1487,불맛Story,395699,527194
1488,향원지짐이,397045,526774
1489,흥업묵집,392943,521905
1490,다온냉면,394874,529846
1491,옛날우거지추어탕,395943,531332
1492,대청감자탕,394557,529410
1493,우림숯불닭갈비,394943,524941
1494,수암가든,399627,532523
1495,회령순대,396382,525338
1496,청솔보리밥,394885,521595
1497,더커피클럽,395120,524307
1498,우성정육점숯불구이,395631,525364
1499,궁중누룽지백숙,400431,519951
1500,육간소 정육식당,396469,524275
1501,갤러리,395127,525211
1502,밤도깨비&보뱅이,397166,526684
1503,무실왕솥뚜껑삼겹살,393356,525594
1504,길카페,401124,526974
1505,장상철 유명숯불갈비,395827,531270
1506,훈CORPS,396485,524411
1507,개건너이사왔네,391965,521469
1508,양평다호해장국,396695,523965
1509,대부도해물칼국수,396898,524304
1510,누리식당,396388,527345
1511,신사동차돌박이,396083,527164
1512,골목맥주,392190,519656
1513,퀸즈비어,396502,524445
1514,괴강매운탕,397830,526264
1515,한솥도시락 원주연대점,392248,519714
1516,놀부만두김밥,396006,526318
1517,평양초계탕막국수,396954,524933
1518,포대인막창,394818,530019
1519,다진곰탕,395654,531453
1520,쪽쪽뼈다귀해장국,392329,519805
1521,국진식당,395221,525104
1522,고둔치솔가,401368,526935
1523,소리개,395605,526982
1524,시골집,385285,529314
1525,산전수전,396452,524511
1526,교촌치킨 일산점,395180,526872
1527,고기마루,395693,527560
1528,봉달이네피자치킨,394597,529506
1529,파리바게뜨 원주무실점,393819,526047
1530,Rose Bean,382292,518312
1531,샤브리안원주점,395835,526294
1532,미운오리새끼,396805,526323
1533,치킨플러스 원주단계점,394176,527516
1534,짬뽕타운 본점,399935,520300
1535,파리바게뜨 원주남부점,396158,526720
1536,국대떡볶이 오크밸리점,383282,533995
1537,가마치통닭 원주 중앙점,395727,527620
1538,간식서랍,399169,525158
1539,엘마리아치커피랩,396344,526348
1540,땅스부대찌개 원주중앙시장점,395766,527667
1541,치악인터네셔날,390502,527104
1542,대동집 원주단계점,394201,527208
1543,임창정의모서리족발 원주기업도시점,388963,531161
1544,륭림닭발 단계점,394221,527142
1545,동원참나무숯불구이,396590,526376
1546,섬강막국수,385592,524706
1547,복돼지짜글짜글이,394207,527520
1548,굴뚝,404210,517412
1549,본가두루치기,397024,526745
1550,태기산막국수,398231,531874
1551,착한닭갈비,393777,527535
1552,미리원,395588,527088
1553,또또지짐이,396454,525278
1554,천매막국수,395357,524328
1555,천지흑염소,405355,537088
1556,프로치킨,407302,514226
1557,교촌치킨 개운점,396587,526585
1558,석경칼국수,400891,528306
1559,만석갈비,396546,524325
1560,미소푸드,394228,526546
1561,자금성,393948,527402
1562,두찜 원주기업도시점,388963,531161
1563,낙원탭룸,395603,527434
1564,힐링캠프,396428,524394
1565,스테인리스,393905,527193
1566,대구반야월막창(문막점),385074,524572
1567,싱싱바다회,396522,524385
1568,또봉이통닭 원주 태장점,396419,528406
1569,다래순대,385177,524601
1570,선진식당,395621,531096
1571,돌판위에삼겹살,394588,529582
1572,골방커피,394297,527420
1573,페리카나 자유점,395629,527702
1574,늘해랑감자탕,396518,524277
1575,행구동부침,396163,526788
1576,해자매의냄비닭발,394001,527299
1577,신주몽실내포차,397346,526684
1578,돈덕한흥업순대,395855,525723
1579,통나무오리,392979,521172
1580,원주서서갈비,393372,525676
1581,엄마네돈가스,395642,527584
1582,먹보닭갈비,396555,526350
1583,남원주기사식당,393304,524922
1584,착한한우,396444,524623
1585,안양집,389001,530312
1586,백천가든,407436,519304
1587,카페안나,408156,512390
1588,무드인소울2,394247,527130
1589,이귀남안동찜닭 원주본점,395213,525096
1590,태양닭갈비,396371,524421
1591,달팽이해장국,395191,526558
1592,라이브,394291,526210
1593,죽이야기 단구점,396351,524551
1594,택이포차,394913,529972
1595,처갓집양념치킨태장소초점,398108,531450
1596,백산숯불갈비,396462,524363
1597,중화차이린,395373,527969
1598,고산황토오리구이,393296,539380
1599,차이나먹거리,395204,525175
1600,광릉불고기,395154,530269
1601,김밥나라 봉산점,397360,526683
1602,와글바글감자탕,394599,527061
1603,바로커치킨,392159,519561
1604,페리카나 단계택지점,394165,527566
1605,서울녹각삼계탕,394273,527605
1606,대성왕만두,394163,527645
1607,지코바 단계점,394193,527408
1608,우연닭갈비,395011,530233
1609,정)솥뚜껑삼겹살,394198,527329
1610,소당삼겹살,394157,527492
1611,우돈집,396397,526697
1612,석탑본점,396863,526178
1613,청정고을순대,396743,524893
1614,돈까스식당,394866,529813
1615,명자네추어탕,394815,528806
1616,산촌한방능이백숙,396876,524936
1617,태백한우촌,395204,526487
1618,주왕산에가면...,396024,525669
1619,손뿌리칼국수,395644,531436
1620,장수영양탕,396320,525421
1621,두레한우숯불구이,393417,525762
1622,황궁쟁반짜장문막점,384021,522760
1623,된장과막장,400461,529438
1624,밤골식당,392910,521197
1625,우렁각시쌈밥,393107,522398
1626,명윤설렁탕,393988,526947
1627,또봉이통닭행구점,397838,526946
1628,큐 바,395094,524694
1629,라스베이거스,389001,530312
1630,김복남맥주 원주기업도시점,388941,531119
1631,욜로카페,399182,525097
1632,사이돈까스,389368,530337
1633,대복감자탕,395827,525778
1634,보스부리또,394427,529774
1635,제천집,394427,528278
1636,청곡식당,396382,526665
1637,무릉도원,394608,528996
1638,개미왕갈비,395074,525976
1639,바우식당,393024,522130
1640,화사랑,399777,530894
1641,황골양지가든,400384,529716
1642,해달스낵,395656,527648
1643,우정집,395656,527648
1644,친절떡볶이,395656,527648
1645,인화 올갱이해장국,396170,527119
1646,대보짬뽕공화국,394700,529751
1647,치악산관광가든,405187,535970
1648,오소,401200,526949
1649,나무와새,392415,520378
1650,술취한산오징어,394032,527353
1651,종포식당 호저본점,393502,536499
1652,간현돈까스본점,385830,528995
1653,사랑찌개백반전문점,383857,522705
1654,밤나무집,385134,525542
1655,윤화로숯불구이,394325,526346
1656,청춘곱창,394639,529773
1657,투다리 동보점,394154,528230
1658,맥시칸치킨 삼익점,397103,526695
1659,산수가든,405423,536917
1660,구쌍다리식당,404803,535430
1661,또래오래 부론점,377965,511924
1662,그린식당,391963,519241
1663,파리바게뜨 원주단계점,394118,527759
1664,날으는자전거,399851,520868
1665,Coffee house Largo 라르고 커피하우스,394954,524563
1666,루체,395674,527443
1667,onTrip,399244,525099
1668,카페 in 관설점,396991,524116
1669,돈이좋은세상이야기,395105,525858
1670,연강춘,395553,527803
1671,엄마왕족발,394252,526033
1672,1994현대숯불갈비,394023,527214
1673,금정도토리묵밥집,393019,522130
1674,돌몰손칼국수만두,398240,531569
1675,함지박식당,390102,507679
1676,류의자능이버섯백숙전문,392465,523583
1677,오학닭갈비 본점,395682,527252
1678,MEGA MGC COFFEE 메가엠지씨커피 원주단구점,395625,525455
1679,지뎅,394574,529749
1680,진짜뚱뚱이김밥,394016,524998
1681,화로상회 원주 단구점,396431,524725
1682,옥구네,396429,526644
1683,베이징,395328,525105
1684,닭발굽는청년 기업도시점,388941,531119
1685,돼지칼국수,396103,527516
1686,훈이네 마늘빵,398256,524705
1687,인생역전구이,389111,530175
1688,호수돈까스,385184,524662
1689,서원고향부침,395693,527560
1690,광명곰탕,395151,531656
1691,느티나무집,389001,530312
1692,아리향,394077,525758
1693,페리카나 간현점,385669,529184
1694,강변숯불구이,396779,526082
1695,쌍동통닭,395610,531355
1696,처갓집양념치킨 명륜점,395100,525836
1697,보릿고개 원주시청점,393343,526588
1698,페리카나 태장점,395561,531343
1699,3대원주김치만두,400947,526970
1700,팔당닭발&오징어,393979,527288
1701,미스터피자 네네치킨 오크밸리점,384181,536918
1702,들꽃이야기,407314,518881
1703,남부통닭,396304,526539
1704,마이샌드위치,394247,527606
1705,또래오래 원주신림점,407459,514208
1706,청정막국수,395319,525363
1707,커피인디고,394469,529567
1708,쩐주단 원주중앙점,395629,527594
1709,페리카나 남부점,395882,526275
1710,오크뷰,384227,536950
1711,진미양념통닭,394612,529721
1712,배추와 알타리,397070,526779
1713,중식당 김사부,399177,525279
1714,페리카나 흥업점,393140,522368
1715,넘버원김밥,399102,524733
1716,용이네,395201,526964
1717,JH정육식당,396401,524391
1718,사신떡볶이 단구점,396105,525609
1719,송암막국수,385986,533996
1720,흥업뼈다귀해장국,392982,521984
1721,힐스구이집,383104,533914
1722,졸도족발,393773,527420
1723,청담추어탕,393672,526260
1724,사진정원,400773,529188
1725,석화의계절,397392,526340
1726,윤이분식,394207,527520
1727,윤가네김밥,399005,525093
1728,땅스부대찌개 원주단구점,396302,524417
1729,아메르,388902,531135
1730,대게조아,395640,525561
1731,하코스시,393877,525695
1732,로뎀에스프레소 관설점,407710,513763
1733,터치카페 원주단관점,396424,524577
1734,본심오향족발,397891,524206
1735,마왕족발 원주혁신도시점,398329,524661
1736,만남이참좋다,395597,524428
1737,한식뷔페 무실점,394444,526143
1738,돈벼락,394435,529542
1739,느림의미학,395198,524844
1740,와플대학,398367,524633
1741,총두순대 단계점,394192,526760
1742,청년다방 원주단계점,394189,527081
1743,365 메가분식 365,399005,525093
1744,너를위한케이크,393816,525705
1745,북문당,398971,525115
1746,米味美(미미미),398868,524926
1747,야미그린,399169,525158
1748,옥로원조2대손짜장,389925,507513
1749,유진손두부,391958,519227
1750,또래오래 원주흥업점,393144,522281
1751,대명숯불구이,393134,522341
1752,흥업식당,392982,521794
1753,금대리할매집,401248,518682
1754,수참치 단계점,394073,527362
1755,비원갈비,389717,526257
1756,닭갈비먹는날,396561,525332
1757,노다지야식,395643,527298
1758,용수골수락정,394791,520861
1759,모두량본점,397069,526692
1760,김밥사랑,394364,528285
1761,소두방삼겹살,395088,525875
1762,송어마을식당,407544,517242
1763,박대감화로구이단계점,394189,527116
1764,천수궁,394711,528630
1765,한방촌능이백숙,394025,527423
1766,흥업원주영양탕,391527,523465
1767,호호부대찌개본점,400530,526850
1768,행운이가득한밥집,395545,527452
1769,복두꺼비식당,393014,521864
1770,네네치킨 태장점,395599,531526
1771,황윤서 맛집,396487,524268
1772,처갓집양념치킨 강원학성점,394756,527994
1773,BBQ치킨 원주봉산점,396815,526915
1774,황둔찐빵마을,417131,517783
1775,원주복추어탕,396333,526286
1776,대명산장어구이,394268,527563
1777,소초장터추어탕,398736,532321
1778,운채,400748,526558
1779,구홍가네,394365,526516
1780,열날개원주점,394212,527327
1781,매지리막국수,396870,526226
1782,바다양푼이동태탕 원주단계점,394276,527295
1783,원주한우가마솥설렁탕,395802,529523
1784,엄나무집,391448,517342
1785,한솥도시락 원주상지대점,394507,529785
1786,신의주 순대와 쭈꾸미,394119,528917
1787,삼익반점,397245,526706
1788,이가홍가,395220,527626
1789,설악숯불갈비,394232,527454
1790,후원염소전문점,395936,527791
1791,다정한식야식,394087,526487
1792,어머니손칼국수,389184,530145
1793,기계우동옛날짜장 원주본점,395237,527588
1794,등뼈해장국,405037,537344
1795,삼미막국수,392482,520273
1796,피노키오,394242,527525
1797,투다리 태장주공점,396040,531459
1798,정선막국수,395846,527843
1799,정환이네구이,396479,528376
1800,돼지캠퍼스 원주1호점,392153,519619
1801,주래등,407444,514152
1802,엄지스낵,395797,527697
1803,찰로원,395933,526484
1804,고향쌀찐빵,404790,535460
1805,토속한정식두부마을,400762,528403
1806,하루,399757,530973
1807,산골순대,396678,526362
1808,소문난돈까스,397400,526689
1809,웰컴투돌갱이,401038,528284
1810,"부성식당 손칼국수, 만두국",395875,525362
1811,계곡산장,401651,521080
1812,명화정육점식당,394897,526505
1813,흥부돈까스,394575,529505
1814,파리바게뜨 원주청구점,394919,524828
1815,아부찌부대찌개 원주기업도시점,388632,530887
1816,자담치킨 원주기업도시점,389555,530221
1817,홍대편의점포차 원주단계점,394267,527219
1818,브리앙뜨,399170,524743
1819,BBQ치킨 원주명륜점,395181,525285
1820,술가락,395693,527560
1821,유남원조한방감자탕,396527,525342
1822,향교막국수,395614,526144
1823,여지원,396303,526692
1824,원주김치만두,395747,527684
1825,장터촌,396015,527493
1826,부다부다,394292,527435
1827,파리바게뜨 원주우산점,394585,529745
1828,꽃담우정육식당,397660,524239
1829,블랑,393349,526893
1830,꼬꼬머꼬,392282,519727
1831,진짜족발,395430,525197
1832,맹이네갤러리타운,400678,527994
1833,족발슈퍼,394901,529903
1834,맘스빈,394218,528149
1835,치악산플라워펜션민박식당,405282,536211
1836,감성커피 원주무실점,393999,525812
1837,초원숯불구이,396701,526363
1838,심원황태전문점,394902,529913
1839,불타오르다,394168,527416
1840,함박골,396603,531268
1841,페리카나 장양리점,396305,533950
1842,치악골가든,402394,537302
1843,지코바치킨 명륜점,395198,525838
1844,황둔수산,417283,517416
1845,오색막국수,396400,531228
1846,아흔아홉골가든,400391,519466
1847,자연산추어탕,395208,525848
1848,일호감자탕,397003,526780
1849,강산에,405280,536311
1850,케리홈치킨 원주흥업점,390110,525487
1851,메밀촌,395153,526666
1852,대추나무막국수,391630,517716
1853,태권치킨 단계점,393663,527492
1854,대들보보리밥,399146,531543
1855,금성식당,396124,527157
1856,호저신토불이,390888,535412
1857,한양왕족발,394135,527338
1858,제이스22,391955,519184
1859,놀부부대찌개 치악휴게소상행점,404516,517212
1860,제주은희네해장국 원주일산점,395591,527389
1861,미소갈비탕,395084,525811
1862,고모네,392291,519752
1863,우리집포차,394799,529447
1864,덕곡막국수,397059,526705
1865,통큰갈비 봉산점,397061,526663
1866,오막집 원주점,396438,525966
1867,사랑채,400552,526892
1868,홈런반점,377984,512015
1869,칡산에,394218,527451
1870,돌부대찌개 단계점,394248,527455
1871,명물닭갈비,395140,525856
1872,1번지삼겹살,394045,527375
1873,우성닭갈비 원주점,394233,527301
1874,복남이네쌈밥,396384,526750
1875,금룡,393000,521845
1876,홍대포,399578,526863
1877,한신삼겹살,395930,525484
1878,삼겹살마니아,392171,519606
1879,페리카나 구곡현대점,395395,525058
1880,금대장터,399729,520718
1881,금강산막국수,394281,526232
1882,교촌치킨,393994,527334
1883,다래쌈밥,397103,526695
1884,페리카나 개운점,395970,525539
1885,원주밥상,395783,527812
1886,초원칼국수 신림점,407500,514262
1887,삼봉쉼터,382415,529898
1888,고향보리밥집,393071,522286
1889,돌담집,399933,530434
1890,원스커피브런치,400795,528305
1891,네네치킨 단계점,394237,528205
1892,페리카나 삼광점,397373,526684
1893,파죽지세,400677,526939
1894,제주본가,397710,531024
1895,새마을식당 원주단계점,394184,527194
1896,페리카나 부론점,377896,511677
1897,매봉산장,412442,517624
1898,단계칼국수,394325,527850
1899,칸꼬시,395235,527013
1900,딱따구리,396023,531426
1901,동원섭해물칼국수,395882,525371
1902,비스트로 하루에,395058,525083
1903,원이네족발보쌈,392310,519780
1904,코벤트 가든,390956,510847
1905,송천순대,391491,517529
1906,우리왕만두,396541,526350
1907,나래분식,395747,527684
1908,골방에서,396689,523782
1909,돈앤탄 원주본점,395091,525029
1910,달래식당,395683,531112
1911,소호객잔,395792,525315
1912,만두와도너츠,394151,528231
1913,굽네치킨 원주개운점,396834,526634
1914,봉화산순대,393636,527497
1915,장금이감자탕 명륜점,395827,526185
1916,서울순대국,394639,529836
1917,도스마스 연세대점,391959,519286
1918,치악축산직영식당,397118,526735
1919,퐁당,385448,525889
1920,바우골분식,392921,528153
1921,수철이네왕새우튀김 원주기업도시점,389504,530557
1922,생활맥주 원주기업도시점,388919,531141
1923,영랑옛통닭,398654,526519
1924,또바기,385950,528915
1925,부성식당,396345,531121
1926,김밥나라 단계평원점,394173,527534
1927,잔비어,396414,528387
1928,소담오향족발본점,393796,527385
1929,강릉동치미막국수,397970,526832
1930,상지골,394525,529524
1931,와사비횟집,396234,524892
1932,배불불 순대집,394847,532478
1933,예진이네김치만두,395741,527698
1934,원조설악추어탕 원주점,395876,532714
1935,와와반점,396567,528875
1936,진골가든,405270,536290
1937,농부가,383994,509418
1938,또래오래 무실점,393375,525705
1939,산동원,395607,527830
1940,한지촌,397546,523978
1941,신계 봉산점,397332,526712
1942,원조남원추어탕태장점,395707,531357
1943,하루,392159,519561
1944,순창추어탕,395261,525746
1945,대흥횟집,396663,525001
1946,해송횟집,393671,527479
1947,59쌀피자 원주무실점,393700,526096
1948,카페띠아모 원주단계점,393683,527454
1949,만두마루,395817,524646
1950,아름다운사람들,394412,529778
1951,봉화산설렁탕,393925,527071
1952,도미노피자 문막점,384091,523118
1953,커피숲,401520,527378
1954,본양평해장국,396242,528262
1955,호박골영양돌솥밥,396147,527127
1956,가던길멈추고,395355,527870
1957,간현 우리소,385458,529194
1958,김순봉설렁탕,398901,532363
1959,김가네소머리국밥,396078,527491
1960,수림순대국,384190,523275
1961,화성토종순대국 문막점,384241,523262
1962,양푼갈비참숯불구이,394094,527321
1963,돈삼겹,393932,527495
1964,김밥천국 행운점,395015,525659
1965,동화루,394291,526239
1966,현대반점,395428,526532
1967,한우한마당,396426,524760
1968,명륜진사갈비 원주태장점,395795,530245
1969,커피라디오 1호점,397250,524165
1970,경포회수산,396676,525557
1971,송탄부대찌개,385100,524536
1972,연산순대국,383793,522454
1973,뚜레쥬르 원주봉화산점,393682,527543
1974,금대별장,401518,519490
1975,일호감자탕 기업도시점,389044,530089
1976,굽네치킨 원주단계점,394109,527390
1977,투다리 단계점,394171,527403
1978,다사랑스낵,395656,527648
1979,칡산에 별관,394220,527434
1980,부강식당,396001,532820
1981,미가일식당,396035,532869
1982,실크로드,407811,514944
1983,평창송어횟집,396341,524442
1984,봉선루,398842,526822
1985,단골맛집,395865,525660
1986,전가복,396725,524273
1987,영월식당무실점,393427,525737
1988,차이나흑룡각,395144,526971
1989,녹두장군,396429,526692
1990,순용이네곱창,393656,527507
1991,장금이감자탕,395926,531340
1992,홍어마당,395989,531181
1993,포차35구역 원주상지대점,394617,529685
1994,신기냉면,399357,526835
1995,갈비토대왕원주단구점,395890,525181
1996,대관령감자탕,385020,524525
1997,주문진문어세꼬시,393217,525826
1998,명성숯불구이정육점,395876,526260
1999,땡벌해장국 원주본점,396476,524641
2000,BHC치킨 원주개운한신점,395955,525529
2001,원주장어랑갈비랑,395092,524492
2002,형제곰탕,393681,527255
2003,피자와치킨의러브레터 단관점,396716,524828
2004,짜장불패,395235,524368
2005,역전할머니맥주 원주 단계점,394220,527304
2006,쪼끼쪼끼 원주남부점,396124,526734
2007,큰집,396442,528438
2008,명성숯불구이,396561,525340
2009,아무리찾아도찾기힘든집,395656,527648
2010,닭스,395101,524724
2011,김밥사랑,396616,525076
2012,송학순대국,393757,522852
2013,카페 스테이모어,395694,527337
2014,인생막창 무실점,393392,525732
2015,신골목포차,397188,526715
2016,또래오래 무실2호점,393375,525705
2017,베이커리&카페궁,399296,526850
2018,솔아띠몽 원주본점,393908,525666
2019,돼지우리,396337,524562
2020,카페IN,396202,526098
2021,마왕족발 원주단계점,394625,526363
2022,라화쿵부 원주단구점,396411,524477
2023,티라노키친,393654,526313
2024,모구모구,393985,525712
2025,가까운유럽,393877,525695
2026,더롱블랙,389001,531414
2027,부귀해장국,377994,511743
2028,농가,396767,524506
2029,교촌치킨 원주기업도시점,389202,530262
2030,에이프럴릴리,389493,530179
2031,뚜레쥬르 원주봉산점,397165,526669
2032,만나칼국수,394324,527836
2033,청주본가,396912,524297
2034,치킨뱅이 동원주점,396569,528876
2035,농가 원주점,396767,524507
2036,만나닭갈비무실본점,393466,525762
2037,명인만두 원주단구점,395735,525362
2038,즉석김밥,395216,525804
2039,김가네원주추어탕,396370,523800
2040,나나이모,398289,530824
2041,고기앞으로,395744,525288
2042,용흥감자탕본점,396637,525408
2043,영양콩손칼국수,396011,529112
2044,이삭토스트 무실점,393700,526096
2045,구이가 원주터미널점,394179,527163
2046,피자스쿨단계점,394180,527835
2047,코코호도 남원주점,395626,525455
2048,병천토종순대,396174,526998
2049,살렌토커피,398932,525053
2050,곱창고 원주단구롯데시네마점,395595,525426
2051,돌삼겹,389146,530079
2052,국수집,395170,525091
2053,1943 원주점,394156,527278
2054,차이나타운,394937,527134
2055,뚱보집 무실점,393985,525712
2056,오월,389597,530217
2057,고씨족발,389084,530181
2058,장가네보리밥,400453,526837
2059,꼬짱꼬마김밥,389372,530209
2060,자연산매운탕,388109,529445
2061,정서방국밥,395175,524532
2062,소당지짐이,395941,525511
2063,꿀꿀꿀찜탕,395837,531402
2064,최가네고기촌,394698,529727
2065,소꿈돼지꿈,396330,527368
2066,바우네나주곰탕 기업도시점,389314,530094
2067,고피자 원주무실점,393987,525824
2068,카페인시애틀 원주우산점,394290,528862
2069,자스민,393498,525710
2070,고씨네양념구이,393760,526190
2071,피자스쿨 문막동화점,385046,524932
2072,피자스쿨 원주단구점,396205,524328
2073,피자스쿨 원주무실점,393819,526047
2074,피자스쿨 원주태장점,395989,531181
2075,피자스쿨 원주우산점,394617,529732
2076,전광수커피하우스원주점,394303,525533
2077,파리바게트 원주이안점,394290,528862
2078,숨비소리 원주점,393814,527195
2079,장터보리밥,396024,527571
2080,The Cafe JJ,394205,526153
2081,cafe 청담,396053,527140
2082,충전당,393948,525690
2083,참새방앗간,394996,527100
2084,화룡양꼬치,395217,527542
2085,맛존,391959,519286
2086,오크가든,385921,534197
2087,우리가족최고,395236,525222
2088,김치뽀그리찜,396731,525068
2089,전라도묵집,403420,537990
2090,학교종이땡땡땡잔치국수,395190,527563
2091,명가옥설렁탕,385095,524655
2092,홍콩반점0410 원주중앙점,395836,527523
2093,바우집중앙점,395819,527726
2094,떡뽁이스쿨,394547,529550
2095,돈통삼겹살,395917,525422
2096,북경반점,396301,533961
2097,한촌설렁탕 남원주점,395105,525035
2098,루체,395090,524357
2099,진바식당,393650,527471
2100,남부부침,396163,526788
2101,투다리 코아루점,396771,523646
2102,청기와집,394849,529770
2103,땡큐닭갈비원주본점,396499,524199
2104,팔도낙지,397972,526834
2105,안스게장 원주1호점,393799,527482
2106,둥지감자탕흥업점,392857,522367
2107,권식당,392272,519653
2108,단골손님 원주단계점,394201,527208
2109,통통이포차,396114,525268
2110,신촌막국수,398076,522602
2111,지박사막국수,393335,524788
2112,보학식당,393987,527063
2113,형제갈비본점,397785,526524
2114,바다회 산오징어,394516,528854
2115,티바두마리치킨 단구점,396106,525265
2116,시골쌈밥,385923,534136
2117,곽만근갈비탕 원주단구점,395752,525266
2118,부산횟집,393591,526378
2119,선화전복삼계탕본점,393836,526130
2120,우산동옹심이칼국수,394590,529035
2121,대왕회관,396314,527624
2122,교동짬뽕,395178,524546
2123,부자밥상,395219,525240
2124,이슬처럼동네포차,397229,526687
2125,월남쌈김상사 원주단계점,393679,527188
2126,진경반점,391653,528531
2127,무실뼈다귀감자탕 개운점,396396,526855
2128,파니니,400661,529205
2129,킬로그램,385053,524982
2130,박달재김치찌개전문점,395795,530245
2131,스시하루,395567,527397
2132,본섬조개마을 본점,396413,524440
2133,시골할머니추어탕,396859,523878
2134,심마니식당,396550,527131
2135,1 2 3 포차,396507,524617
2136,짬뽕타운본점,392790,520954
2137,몽크,395554,527064
2138,진선네부침,396163,526788
2139,송학순대국,385294,525528
2140,산야초밥상,398184,531593
2141,치킨마루 관설근린공원점,396495,524232
2142,황금오리,387829,528344
2143,소담촌 원주무실점,393924,525828
2144,황금룡,383804,522727
2145,커피더샵,395132,525273
2146,태향원 본점,394035,525578
2147,달콤한청,385286,524194
2148,감미로운,395701,525344
2149,California mom&#39;s,395960,527186
2150,새마을식당 원주감영점,395900,527356
2151,파리바게트 원주롯데캐슬점,389257,530649
2152,팔공티 단계동점,394189,527081
2153,토끼전,389196,530081
2154,가베라티오,393725,527278
2155,또봉이통닭 원주 경동대점,382292,518312
2156,봉화산유황오리참숯불구이,393453,527453
2157,커피베이 기업골드파크점,388919,531141
2158,용수골가든,394940,520119
2159,유로코피자 강원 원주점,395235,525712
2160,오서방보쌈,393803,526238
2161,닭갈비봉천막국수,396972,526832
2162,명동닭한마리,399973,527412
2163,미주학당 단관점,396570,524357
2164,둥지가든,385811,529026
2165,돌부대찌개,395027,529981
2166,경아네구이,393595,527424
2167,커피하우스별,393968,522876
2168,본가영빈관원주점,394804,529994
2169,장미주택,394094,527321
2170,신가네해물찜,396802,523768
2171,본스치킨 단계점,394193,528225
2172,박대감화로구이 롯데시네마점,395614,525377
2173,오대양수산,395701,530766
2174,가보자토종순대국밥,394117,527079
2175,산에는꽃이피네,401660,521138
2176,진풍영양탕,397297,526692
2177,BBQ원주무실점,393003,526206
2178,왕대박수산봉화점,393664,527293
2179,대복장수촌,393777,526282
2180,옹달샘생선구이백반,394759,529740
2181,치마바우,401588,527411
2182,산마루,401594,527511
2183,호식이두마리치킨 원주2호점,397185,524424
2184,장충동왕족발 원주점,395668,525906
2185,치악산한우타운,393496,525150
2186,슬기네감자탕,395522,527453
2187,향교손자장,395751,526200
2188,땅스부대찌개 원주태장점,396044,531204
2189,문팰리스&뜨화덕 단계점,394045,527350
2190,바다향횟집,396025,533011
2191,오븐에빠진닭 단계무실점,394228,526209
2192,원조황소곱창구이,396528,524671
2193,나누리곰탕,399317,533189
2194,삼교리동치미막국수강릉본점직영,392722,523495
2195,떠들석갈비,401236,529230
2196,한양식당,394394,526278
2197,김밥천국 반곡점,397011,526153
2198,허선웅닭갈비 본점,393612,527468
2199,메가커피 원주터미널점,394189,527081
2200,미쳐버린파닭 원주연세대점,392346,519767
2201,대한각,400644,535119
2202,부대찌개마을,396750,524390
2203,김밥나라 명륜점,394883,524908
2204,짜장판다,394283,526338
2205,미소손짜장,396354,526512
2206,가마솥설렁탕,397311,524125
2207,청담칼국수,393707,526139
2208,신춘천닭갈비,399382,525088
2209,통큰갈비 원주태장점,396349,531235
2210,하레비,393203,522446
2211,큰손손만두,395569,531395
2212,본죽&비빔밥카페원주태장점,395994,531330
2213,유진닭갈비,394892,524897
2214,뚜레쥬르 원주기업도시점,388963,531161
2215,복꺼비양푼이동태탕,396475,524467
2216,테이블바이윤,395183,524314
2217,용우동 무실점,393857,526015
2218,민들레,395320,525054
2219,명우해장국,395940,527662
2220,비에치씨(BHC)흥업점,392199,519665
2221,봉산지짐이,396329,527585
2222,코끼리왕만두,394412,529802
2223,장독대보쌈,395717,531290
2224,우리밀국수,394677,529756
2225,속초어시장,396451,524560
2226,카우카우,395106,524846
2227,돈내고돈먹기,394456,529795
2228,웰덤치킨 원주로데오점,395670,527399
2229,무실그집쭈꾸미볶음,393336,525652
2230,옛날부침,396163,526788
2231,송학순대국(봉산점),396965,526842
2232,노뜰,396610,524542
2233,강원도막국수,393411,525623
2234,크라운호프 원주단계점,394133,527316
2235,기와집보신탕,391849,523331
2236,임꺽정쌀보리밥부페,395567,527397
2237,장인족발 본점,393438,525699
2238,짱구지짐이,393384,525625
2239,몽그리즈,400057,529748
2240,태향원마라탕마라샹궈,394005,525877
2241,산촌곤드레밥,411278,516656
2242,산오징어횟집,396761,524705
2243,매호리느티나무집,390582,534776
2244,맘스터치 원주롯데시네마점,395735,525362
2245,황장군,384265,524368
2246,족발중독,396413,524363
2247,신떡 원주구곡점,395663,525422
2248,과장님댁소곱창,396886,523847
2249,치요남치킨 태장우산점,396247,528252
2250,준과랑,396582,524395
2251,용궁횟집본점,394773,523959
2252,두부명가,395729,527268
2253,BOBCAFE오므토마토,394444,529773
2254,코발트,401092,526802
2255,주머니,397201,524307
2256,땡촌닭발,396545,524698
2257,묵호어판장,394353,526548
2258,작은뜰,401161,526948
2259,병천 가마솥 순대,395823,531299
2260,용우동 원주태장점,395718,531553
2261,커피더판다 천매점,395202,524723
2262,기쁨이네돈까스,399096,525205
2263,명륜진사갈비 원주단구점,396382,525338
2264,서울숯불갈비,393220,522211
2265,킴스참치,394187,526746
2266,전선생,392287,519739
2267,피제이피자,395799,525574
2268,참돌이더블치킨 상지대점,394444,529773
2269,은송원김치찌개 제주삼겹살 본점,393543,527445
2270,메밀골동해막국수,394963,528279
2271,치악녹각삼계탕,395284,524633
2272,풀잎향기가든,412187,516685
2273,봉창이해물칼국수,393403,525682
2274,제일해물닭갈비,395968,531399
2275,옥돌이하오하오,396423,525199
2276,설원칡냉면보쌈,396839,524201
2277,남원전통추어탕,396747,524327
2278,소말뚝원주본점,396418,524553
2279,원주순두부,392608,522518
2280,놀멍,393814,526275
2281,제주도생삼겹살,397014,524120
2282,제이핸드,395763,527528
2283,닝샤샤,398593,524875
2284,심스커피,396939,524070
2285,빵오네뜨,388574,530988
2286,강호동치킨678,393737,526239
2287,자작나무장어구이,397553,530621
2288,노엔트리,395284,525665
2289,사니다카페,392613,533876
2290,꽈배기를 잘 하는 집,395610,527622
2291,꽃피당,396624,526354
2292,사탄곱창,394810,526767
2293,샘스베이글,398795,525019
2294,땅스부대찌개 원주기업도시점,389493,530179
2295,석봉토스트 원주터미널점,394168,526935
2296,배스킨라빈스 원주태장,395582,531452
2297,오가네아구찜,396422,524454
2298,미스터피자 원주단관점,395764,525338
2299,원주옹심이메밀칼국수,395154,525043
2300,미스사이공 원주단구점,395701,525390
2301,가장맛있는족발 원주단계점,394205,527305
2302,김밥나라,396085,526619
2303,방탄소곱창,394008,527449
2304,바우집,396484,524205
2305,심야포차태권브이,393791,526072
2306,치킨더홈 원주기업도시점,388574,530988
2307,뒷고을,396178,524515
2308,김밥천국무실점,393789,526070
2309,보헤미안,395214,524272
2310,양지구들장,394128,527439
2311,착한오리 구이원주점,396876,526403
2312,하나더치킨 단구점,396757,524841
2313,뜰안,396173,526641
2314,수라칼국수,396982,524218
2315,남원주숯불갈비,393542,525703
2316,야생사과,392171,519585
2317,서군착한초밥&선술집,395729,524462
2318,준치킨,396569,524701
2319,엄마황태보리밥집,395773,526227
2320,원가네고깃집,395092,525958
2321,이모네가정식백반,396122,527418
2322,파파존스 원주단구점,396604,524728
2323,김밥천국,394585,529745
2324,저팔계단계점,393967,527338
2325,돈초랑 원주1호점,395152,524554
2326,커피하우스바흐,396254,523980
2327,원조홍천닭갈비,396419,524681
2328,소담,400814,528299
2329,꿀단지,401514,519138
2330,멕시카나치킨 성원점,394936,526608
2331,횡성한우곱창알천원주본점,396469,524338
2332,교촌치킨 무실점,393403,525682
2333,양평해장국문막점,384274,523283
2334,강릉교동짬뽕태장점,395695,531355
2335,옛집왕족발보쌈막국수,393943,527366
2336,가츠혼,393789,526070
2337,구학닭갈비,394585,529549
2338,영랑애가,398637,526550
2339,녹두누룽지닭백숙,388558,530789
2340,수제순대전문점권순대,393134,522354
2341,자가제빵선명희피자 원주무실점,393700,526096
2342,커피에반하다 원주기업도시점,388963,531161
2343,돌부대찌개소초점,398318,531836
2344,테이블제이,394958,524888
2345,통코,397013,526848
2346,미주학당 본점,395230,524344
2347,제주곶감식당,396420,523875
2348,저팔계 단구점,396443,524461
2349,황곰바지락칼국수,395090,526478
2350,교촌치킨 태장점,395602,531544
2351,장독대항아리보쌈,396512,524517
2352,왕눈이참숯불구이,393119,527568
2353,일호감자탕 태장2동점,395902,531276
2354,용연김치찌개,396466,524548
2355,태백한우촌,393808,527954
2356,토우,396586,524408
2357,BBQ치킨 원주단관점,396461,524217
2358,소문난삼계탕(남부시장),396127,526844
2359,수라수산,395202,526959
2360,네네치킨 단관점,397133,523996
2361,즉석김밥나라 태장2호점,396312,528195
2362,쟁반통닭앤아주포차,393423,525709
2363,두꺼비식당 원주점,396387,524442
2364,황금돼지,394529,529471
2365,바다손칼국수,396020,525610
2366,금황해물짬뽕,383899,522838
2367,정원도토리임자탕,394430,528057
2368,심야포차 1987,396332,524432
2369,도화게장장어한정식,396574,523847
2370,서원손두부촌,395414,525657
2371,왕가유황오리진흙,385754,534497
2372,금년통마리동태탕,393226,525752
2373,총각순대,397099,526753
2374,딱순이,394639,529773
2375,장군한돈,393830,526169
2376,화룡양꼬치 단구점,396352,524456
2377,웰덤치킨 원주단계점,394129,526618
2378,대학반점,394440,529573
2379,치악기사식당,396026,532870
2380,미미맨숀,394519,529453
2381,치킨뱅이 원주점,396389,524604
2382,오마이갓돈까스 태장점,395878,530780
2383,한일반점,396650,531259
2384,토지옹심이,396515,524559
2385,청정고을순대 무실점,393483,525750
2386,미탄무지개송어,395150,525848
2387,목원떡갈비,393959,533461
2388,우리돈 김치짜글이,396857,524138
2389,一味(일미)풍천장어,396201,524502
2390,간현돈까스칼국수 문막점,385146,524733
2391,마미손,394586,529567
2392,처갓집양념치킨 단계점,394599,526972
2393,가마솥엄나무삼계탕,394270,527592
2394,대관령갈비명가,395890,526301
2395,피자와치킨의러브레터 원주일산점,395126,526969
2396,포레스트,383887,533731
2397,한신포차 원주단계점,394184,527210
2398,착한낙지 원주단계점,393351,527581
2399,본죽 원주무실점,393857,526015
2400,삼겹포차,384130,523410
2401,기와뜰,397030,526922
2402,포메인 원주롯데시네마점,395626,525455
2403,파리바게뜨 원주원동점,394906,526584
2404,연어얌,394189,527081
2405,카페 로톤다,387218,527495
2406,소적두 원주혁신도시점,398256,524705
2407,가람숯불장어,394567,524411
2408,백정,394058,527109
2409,하늘풍경,396595,524799
2410,오직감자탕,396462,524570
2411,산아이슬아,396368,527493
2412,순애네추어탕,386096,528884
2413,통로포장마차,394157,526659
2414,춘천대영닭갈비 본점,393263,525737
2415,일호감자탕명륜점,396002,526493
2416,취중천국,397062,523829
2417,청정고을순대 태장점,395991,531394
2418,명륜만두,395067,524848
2419,3대칡냉면본점,395694,527363
2420,옹기족발,395208,527539
2421,행구동 생선구이,400777,526915
2422,원동칼국수,395549,527075
2423,논현동 매화串양꼬치 원주점,396431,524725
2424,밥짓는집,394435,529542
2425,진미막국수집,396397,526303
2426,감동돼지,393792,526218
2427,한뚝수육국밥,398450,524903
2428,똘이떡볶이,395670,527660
2429,롤링킹 원주단구점,395626,525455
2430,영순이해물찜,396573,524574
2431,장군본가,396792,526641
2432,화덕생선구이조림,395663,531562
2433,카페라떼떼 원주혁신도시점,399004,524975
2434,강릉집,395669,527659
2435,초록염소탕,396264,531237
2436,꾸러기분식,395637,527667
2437,초우식당,395693,527560
2438,미사리밀빛초계국수&닭칼국수 원주점,398273,526897
2439,안동반점,396016,527282
2440,예쁜꽃돼지,393512,525705
2441,호식이두마리치킨,395353,526976
2442,부산오륙도횟집,394356,526442
2443,오올블루,392269,519682
2444,지정환피자 단계점,394247,527299
2445,해물을품은짬뽕 본점,396381,524379
2446,정짜족발곱창,395579,531086
2447,심순네간장게장,398709,530761
2448,아웃백스테이크하우스 원주점,393415,526478
2449,이모네집,392257,519724
2450,한가족숯불닭갈비,396457,524616
2451,김치뚝딱무실점,393359,525686
2452,고려원,392884,524515
2453,공지천닭갈비,395644,525383
2454,삼산동짬뽕의신화,394099,527465
2455,해물명가,393323,525741
2456,구이닭숯불바베큐,393384,525696
2457,요런떡볶이 원주명륜점,394882,524932
2458,호떡상회,398704,524908
2459,짱가네포차,396244,527823
2460,오크카페,384169,536951
2461,포베이 AK플라자원주점,393783,527081
2462,호식이두마리치킨 태장점,395538,531225
2463,황제원,397459,530049
2464,고기원칙 단계점,393779,527367
2465,동대문 마약김밥&국물떡볶이,394684,530017
2466,상해반점,393455,525716
2467,버드힐,400937,526166
2468,미향본가,389666,530396
2469,피자스쿨 원주봉산점,397182,526632
2470,페리카나치킨삼광점(삼익아파트앞),397373,526683
2471,피제이피자 원주1호점,394536,529486
2472,파스쿠찌 원주행구길카페점,400878,526918
2473,문일한우촌 오크밸리점,385588,534528
2474,장금성중화요리,400170,520178
2475,명품꼬마김밥 기업점,388919,531141
2476,옛골가든,383984,520138
2477,카페오루엘르,395397,527799
2478,시골집 원주직영점,397484,530658
2479,본가영빈관,389845,509226
2480,김밥천국원주1호점,394004,527058
2481,래래반점,393740,527178
2482,복자네코닭전문점,394188,525576
2483,마포화곱창 단계점,393638,527464
2484,가장맛있는족발 원주기업도시점,389480,530211
2485,정담콩나물국밥,388980,530182
2486,행복한우동가게,396414,524645
2487,한식 문막휴게소 강릉방향,383028,524217
2488,곤지암소머리곰탕,397021,524145
2489,한아름정육&숯불구이,395195,524588
2490,oncloude9,394547,529752
2491,호식이두마리치킨,393025,521963
2492,BHC치킨 원주흥업점,392202,519665
2493,양마니명동찌개마을,399098,525104
2494,쏘딜리셔스,394152,525542
2495,파스타&라이스,394497,529802
2496,밥•BOX,395700,524344
2497,신개념 서서갈비 육장갈비,399098,525104
2498,소나무포차,396394,526356
2499,초우,395693,527560
2500,수 숯불직화꼬치,393699,526090
2501,BHC 원동점,395211,526828
2502,편백찜샤브샤브,397935,526820
2503,쟈스민매지점,392348,520124
2504,교촌치킨 강원지사,392642,524036
2505,뗏마루안동찜닭,392091,519502
2506,페리카나,396625,525145
2507,굿맘할매순대국&양선지해장국 남부시장점,396259,526715
2508,대면숯불구이,393133,522342
2509,북문당 기업도시점,388862,531094
2510,엄청난떡볶이,388862,531094
2511,정승골한우 숯불구이,394287,526572
2512,돈까스뷔페 밥아저씨,395643,527707
2513,육개장&설렁탕,395287,525334
2514,감동튀김,393983,525661
2515,또와또이색포차,396704,524333
2516,토토미닭강정,393062,524872
2517,COFFEEJOA,396309,523961
2518,포코아포코,400882,529153
2519,오성왕족,394172,527536
2520,토박이해장국,383969,523284
2521,해피하우스,394042,525608
2522,뽕나무집,404706,535171
2523,평산가,393318,521831
2524,한우대통령초이스보좌관,393897,523501
2525,지앤아이,396372,528793
2526,곳간채참숯한우농장,394100,525800
2527,삼우수산,395994,531330
2528,엄마왕족발보쌈,394250,526031
2529,마리오피자 단계무실점,394912,526633
2530,원주밥상,393216,528797
2531,대성대박,395783,531011
2532,더탭,395175,527328
2533,구룡맥주,393971,527069
2534,보원,396238,524469
2535,뽀끼뽀끼분식,396273,526703
2536,파랑새식당,394171,526822
2537,난다나,401328,525836
2538,두부고을,388501,507040
2539,동네포차,393767,526038
2540,매지리엄나무집가든,391449,517344
2541,대가영양탕,397010,526899
2542,상하이문,393953,527309
2543,똠방,395676,526130
2544,짬뽕이맛있는중국집,394261,527296
2545,라인비어,398397,524778
2546,불고기백반,394266,526022
2547,랜덤커피,395693,527560
2548,24시엄마왕족발보쌈,394250,526031
2549,카페제이 2호점,395192,524295
2550,연필 커피,387623,525851
2551,인생해장국 봉산점,397165,526669
2552,신밥도둑 착한게장,394336,527928
2553,Due Mani,393793,527368
2554,돈까스맛집&우동,394365,526637
2555,봉수아피자 기업도시점,389522,530168
2556,가나숯불구이,395720,527581
2557,몽실통통,395656,527648
2558,오빠짬뽕,394011,527355
2559,두부마실,385985,533966
2560,장원왕족발,395207,526970
2561,무진장왕뽈때기,396488,524578
2562,일미닭갈비,394506,529763
2563,이지쿡 로컬로,395076,524362
2564,행복한밥집,395385,525576
2565,은하철도곱곱곱 단계점,393997,527336
2566,더밥상 2호점,395668,525907
2567,커피온에어,399798,526892
2568,길쭉이호떡 원주본점,395572,527690
2569,배스킨라빈스 원주기업호반,388962,531163
2570,낭만호랑이,395978,525475
2571,죠우엔,398435,524908
2572,학이비어,394219,527303
2573,미스터후라이드,394064,527429
2574,용우동 원주휴게소하행점,393919,537031
2575,kim자카야0304,394987,524672
2576,큰집막창 봉산점,397160,526719
2577,별이네국수,394835,529367
2578,전설의 떡볶이,394529,529425
2579,남자의분식,394213,527358
2580,배부른돼지,396426,524760
2581,한우와송이,386137,533853
2582,카페 샤부작,384334,523588
2583,치악산갈비,400417,519974
2584,별미꼬막,397793,526563
2585,배달돼지 원주점,394253,526553
2586,통큰갈비 단계점,394245,527265
2587,또또지짐이태장점,395702,531295
2588,엄딸뒷고기,398730,525038
2589,정담은알탕,392772,528873
2590,미스터보쌈5379 원주단구점,397459,523964
2591,카페HOBAK(호박),393194,526511
2592,한우덕 원주휴게소부산방향점,393919,537031
2593,이모네밥집,394247,526193
2594,우마왕,396475,524558
2595,정가계,393891,526130
2596,터미널다방,394117,527079
2597,얼큰동태탕&김치찜,395274,525395
2598,원주IC밥상,395490,532871
2599,최가네막국수,395747,531294
2600,일백집서울포차단계점,394071,527103
2601,백호회관,397459,531026
2602,대부도 해물 바지락 칼국수,395134,524287
2603,빅스타피자 원주단구점,396273,524438
2604,주막집곰탕해장국,385993,533954
2605,한우덕 원주휴게소춘천방향점,394156,536937
2606,현민이네김밥하우스,393833,525994
2607,메리골드,388941,531119
2608,명륜진사갈비 원주반곡점,397335,526326
2609,치악휴게소춘천방향 푸드코트,404516,517212
2610,빵사부식빵공방 원주점,395617,527609
2611,혼밥 닭선생 원주1호점,395154,527107
2612,진국추어탕,393026,522137
2613,임창정의모서리족발 원주단계동점,393939,527342
2614,직화락 원주본점,394214,527605
2615,딜리셔스펍1박2일,394059,527457
2616,60계 태장우산점,395657,531108
2617,남송윤가막국수,394426,523863
2618,짝궁뎅이 훈제오리,395185,525194
2619,칼국수와수제비,395202,528219
2620,도담국수,395872,526439
2621,커피앨리스,395023,524308
2622,명랑핫도그 원주기업도시점,389250,530655
2623,미소한상,388941,531119
2624,에그박스,394055,525730
2625,연필카페,387625,525854
2626,할리스커피 원주휴게소부산방향점,393919,537031
2627,통큰두마리찜닭 기업도시점,389264,530193
2628,BHC치킨 원주메가박스점,393980,527004
2629,밥집 단구점,396704,524782
2630,성호양꼬치,394006,527412
2631,푸른솔정,400800,526920
2632,동현만두감자떡,394751,528294
2633,빅스타피자 기업도시점,388962,531163
2634,돼지국밥명륜점,395816,526230
2635,태장수산,395743,531165
2636,미락정,377919,511670
2637,용범이네인계동껍데기 원주단계점,394158,527312
2638,유가네 가마솥소머리 국밥,390322,507731
2639,보우드릴,395104,524297
2640,계백수제갈비,395943,531332
2641,야시장포차,394196,527342
2642,옛날통닭법원점,394278,526006
2643,아리랑 푸드,389570,530294
2644,뷔페천수궁,394718,528622
2645,서대문족발 원주단구점,396439,524477
2646,본래순대 원주무실점,393943,525753
2647,진수성찬양평해장국 원주시청점,393378,526559
2648,왕쌀떡볶이도너츠,395994,531330
2649,양푼이,393594,527474
2650,오이소지짐이,394352,526429
2651,찜닭킹 단계무실점,395224,525278
2652,삼형제수산,398442,524809
2653,카페구름,396181,527081
2654,달봉이치킨 개운점,396180,526253
2655,하늘돈까스,396717,523741
2656,이상인의밥깨비 원주점,395321,525331
2657,노다지,395164,525523
2658,어부네,396245,531248
2659,백운돼지양념갈비,394237,526079
2660,손수,396189,531499
2661,징검다리포차,393740,527178
2662,전주명가,393862,526890
2663,마루산채정식,395146,526942
2664,이춘봉인생치킨 원주기업도시점,388838,531219
2665,아그집쭈꾸미볶음원주점,393333,525656
2666,이벤트,400439,529448
2667,흥양매점,399569,531243
2668,못난이찹쌀야채호떡,395575,527503
2669,태백장군한우실비,397119,524367
2670,원주회수산,395030,526764
2671,달빛맥주 원주기업도시점,388941,531119
2672,예지현&소우재,395913,526164
2673,플레이펍,393718,527311
2674,용우동 원주휴게소상행점,394156,536937
2675,치킨과바람피자 원주단계점,394039,528311
2676,소머리곰탕,396170,527095
2677,사신떡볶이 기업도시점,388734,531236
2678,피자치킨타임,396008,525639
2679,오마뎅 오크밸리점,383146,534133
2680,카페빈 원주점,395506,527635
2681,나들목 숯불구이,395693,527560
2682,꽃삼구이,393408,525754
2683,황금찹쌀꽈배기,396164,526789
2684,응답하라 곱창1978,394085,527416
2685,웃는돼지,395999,525583
2686,별난만두 신림점,407483,514259
2687,정동진수산,393087,525883
2688,주막데이,396413,523789
2689,감성게장,394336,527928
2690,보뱅이족뱅이,395933,531385
2691,빅스타피자 원주무실점,393436,525655
2692,코끼리가반한핫도그 간현점,385304,529292
2693,눙물닭발,395147,527113
2694,포트커피원주단계점,393725,527278
2695,피노 레스토랑,400879,529149
2696,카페반곡,396938,525563
2697,THE다락,395701,525390
2698,한식당 가림,384107,536714
2699,브레드홈,398836,526264
2700,해우소,393082,522317
2701,천궁성,397458,526692
2702,리얼카츠&칡냉면,395333,525657
2703,칰스,398513,524722
2704,퀸카페,394830,526744
2705,초미가,394645,529425
2706,로즈마리,393613,523060
2707,태정기사식당,396038,532847
2708,할머니만두,395766,527725
2709,호식이두마리치킨 원주1호점,394933,525078
2710,페리카나,395392,526513
2711,엔제리너스 원주터미널점,394085,526944
2712,맛있는원주수제쌀찐빵,394630,529234
2713,CAKE BOX,393841,527606
2714,올레막국수,396781,529125
2715,오리불떡,396424,524453
2716,서원주부페,395581,526074
2717,참샤브샤브,395962,525175
2718,소돈소돈,394681,528569
2719,BHC치킨 원주태장점,395621,531096
2720,오춘자비어 원주단계점,394152,527338
2721,가보세칼국수,395448,527687
2722,광어2마리&회사와,396450,524711
2723,황제참치,393568,527402
2724,문팰리스,395610,527622
2725,송어마을,407544,517250
2726,참숯불뒤통구이,394159,525607
2727,cafe 9634,394515,529759
2728,홍어랑탁주랑,396433,524261
2729,옥정이네포장마차,394760,528944
2730,또봉이통닭 원주단구동성일아파트점,395982,524364
2731,배스킨라빈스 원주중앙,395704,527430
2732,예가낙지마을,399744,520744
2733,베이징양꼬치,395428,527793
2734,대구달구벌막창단구점,396409,524542
2735,알뜰옹심이손칼국수,395640,527183
2736,요거프레소 원주법원점,393987,525824
2737,불타는화로닭발,394130,527424
2738,앗싸곱창 원주점,394002,527303
2739,해오름순대,395894,531311
2740,나루감자탕,395042,524768
2741,가잠물회해물뼈찜,394279,527297
2742,쏘쌩크,394265,527251
2743,굿쥬스 본점,391886,519024
2744,명월관유황오리,395503,526448
2745,아우라지칼국수,396428,527375
2746,산들우렁쌈밥,394093,525604
2747,카페칠공공,395221,524555
2748,갑오정,394217,527111
2749,춘천대영닭갈비,395957,531371
2750,속초수산,393087,525884
2751,돈덩어리,394253,527100
2752,원주간짬뽕,399217,532864
2753,신통치킨 단구점,395784,524561
2754,오페라빈,393476,527417
2755,피쉬팩토리,393830,527610
2756,진조림,393900,526180
2757,차우림,400678,527994
2758,로프트,395299,524631
2759,청정고을명가,396748,523116
2760,신화닭발,385149,524713
2761,The좋은날,396380,525156
2762,초원가든,393344,536219
2763,양평신내해장국,399169,526742
2764,치킨파티 원주개운점,396683,526344
2765,꿀꿀돼지한마리,397035,526720
2766,칼비콩,395559,525666
2767,비어도어,393715,527313
2768,BBQ치킨 원주개운점,396105,525611
2769,숙이네 장칼국수,395346,525109
2770,베이와빈단계점,393804,527426
2771,블루치즈,400863,519280
2772,BHC치킨 원주원동점,395211,526831
2773,이화원,394498,529263
2774,뚜레쥬르 원주단계이안점,394410,528782
2775,Pub849,394246,527147
2776,마리케이크,395966,525194
2777,어달리문어,397067,524387
2778,윤스키친,394069,525758
2779,커피탄리,385807,529079
2780,BBQ흥업매지점,393100,522429
2781,깐풍기의전설 태장점,395985,528712
2782,불난배꼽 구곡점,395078,524856
2783,안스게장무실점,394042,525605
2784,본가족발보쌈,397350,526685
2785,공차 오크밸리점,383294,533988
2786,요거프레소 원주길카페점,400948,526969
2787,우산면옥단관점,396440,524514
2788,사카야,393548,527449
2789,caffe TIAMO 무실점,393454,525639
2790,102 by 커피명작,395191,524906
2791,봉수아피자 원주1호점,389522,530168
2792,명태네식구들,393847,526246
2793,로티모 레스토랑,389553,530184
2794,BBQ치킨앤비어 구곡점,396055,524571
2795,산골,393777,527535
2796,꼬치의품격 단계점,393112,528209
2797,돈 되지? 돈 먹자!,396354,526353
2798,복가복전문점,394558,529423
2799,구주삼 원주1호점,395665,531130
2800,보리별관,396201,524502
2801,평창칼국수손만두,394317,527318
2802,통큰왕만두,396080,526605
2803,배달돼지 닭곰탕 원주1호점,393923,525766
2804,공병포차빠,396567,524400
2805,투다리 반곡점,398884,524945
2806,작꾸자꾸,393315,526418
2807,babascoffee,393762,527320
2808,통달배족발보쌈삼겹 원주단계점,394102,527435
2809,홍은애돼지갈비,395770,527241
2810,연심,396413,524440
2811,BBQ 원주기업도시점,389093,530208
2812,뜰이있는집,393232,526477
2813,쌀쌀맞은닭 원주개운점,396420,526357
2814,참새식당,395979,527284
2815,아해탐,395463,525534
2816,닭매운탕,394440,529573
2817,왓삼 원주점,394378,526335
2818,커피더판다 무실점,393472,525738
2819,수제탕수육명가홍탕 원주점,396430,524280
2820,피자헤븐 원주점,394258,526392
2821,BHC치킨 기업도시점,389570,530294
2822,히스자수까페,396431,526601
2823,브레인퍼브,396451,524748
2824,더나무,400073,529956
2825,밤소풍,399184,525061
2826,쭈꾸미 블루스,393740,527178
2827,카페솔,397114,524013
2828,김양비어 반곡점,397239,526346
2829,아비어,394038,527097
2830,나들이가든,385825,534444
2831,파제르,395242,524629
2832,STELLA,396407,524496
2833,돈까스클럽 원주혁신점,397966,526734
2834,다락방,394962,526583
2835,신불떡볶이 단계점,394190,527078
2836,BBQ치킨 원주태장점,395804,530916
2837,뱃놈수산,394186,526864
2838,전의전쟁,388941,531119
2839,은정돼지부속구이,395879,526161
2840,리츠빈,395299,527349
2841,뉴욕바닷가재 원주점,393430,525201
2842,하문호 황둔 쌀찐빵,417191,517812
2843,마라공부,393718,527211
2844,평화냉삼,396386,524506
2845,디컵 원주시청점,393267,526611
2846,쭈꾸미시스터즈 원주무실점,393970,525736
2847,세숫대야냉면보쌈,398624,524914
2848,행복지수,393786,527479
2849,인자곰탕,395443,527926
2850,해양족발,395114,524565
2851,맛있는 갈비,395010,524743
2852,춘천육림닭갈비,395836,525520
2853,왕십리불곱창,396139,531228
2854,커피토끼,395195,524355
2855,춘천닭갈비,397152,526701
2856,저팔계 무실점,393792,526247
2857,마린보이,389250,530655
2858,미쳐버린파닭 명륜점,395351,525341
2859,명인갈비,393553,527430
2860,띠아모커피 관설점,397021,524092
2861,0칼로리,396435,524447
2862,커피트리,396520,524252
2863,닭치거라 무실점,394230,526266
2864,밀밭 원주점,394585,528243
2865,국제내쇼날,394274,527341
2866,디디케이크 직영점,393987,525824
2867,투다리 남부점,396093,526771
2868,매콤이닭,396457,524441
2869,카페비나,394337,526031
2870,오올,395118,521382
2871,소문난뒷고기,397071,526753
2872,요거프레스(원주길카페점),400950,526970
2873,쭈꾸미있는신촌시오야끼,396610,524542
2874,궁다방,393968,527444
2875,고담,394213,527341
2876,잇썸디저트,394213,527602
2877,블루멘리트,393194,527567
2878,플로리스트,388941,531119
2879,등강막국수장어구이,416100,517337
2880,포유떡볶이연세대점,392303,519735
2881,치킨의민족 원주점,395177,526968
2882,싱싱한녀석들,395122,524869
2883,신월랑다슬기해장국혁신점,393261,525761
2884,진미한식,393838,526155
2885,못난이꽈배기 원주중앙시장점,395670,527548
2886,정가네태백실비한우,393872,528454
2887,이태리부대찌개 원주단계점,393995,526963
2888,BHC치킨 명륜1호점,394910,524889
2889,바들칼국수,393912,526172
2890,피자브라더스 태장점,396576,528894
2891,약속다방,393972,527196
2892,미치도,394039,527100
2893,짱돌네어곰탕,416061,517296
2894,영해가,395712,531310
2895,jj1503,397410,526341
2896,공순희 쌀찐빵,417090,517809
2897,투더디프런트 원주단계점,393781,527237
2898,지하로117,395180,526872
2899,아리가또맘마 원주홈플러스점,397295,523974
2900,후레쉬빈,393735,526896
2901,다슈제과,394184,527064
2902,쥬쥬스키친,394371,526745
2903,커플마카롱,395291,524325
2904,카페 미쁘다,394857,525855
2905,태봉 해물탕,395572,531326
2906,772번지가든,400321,526200
2907,제주밥상,395114,524563
2908,꼭지네막국수,395004,529998
2909,찌개랑밥이랑,394245,527455
2910,치즈를사랑한찜닭 기업도시점,388941,531119
2911,처갓집칼국수,395149,525094
2912,보이는라디오,394597,529635
2913,산마루,402309,518163
2914,대포삼겹살,397091,526708
2915,푸드코트엘리시온 연세대점,391415,519891
2916,또와요손칼국수,394362,526705
2917,꿀돼지순대,393776,527421
2918,닭치거라무실점,394230,526266
2919,디누보스시베이원주점,393262,526618
2920,삼호복집,394248,527133
2921,타르타르 원주무실동점,393859,525703
2922,불타는닭갈비 일산점,395636,527468
2923,원주돼지부속참숯,393700,526096
2924,산골손두부,393963,533266
2925,또봉이통닭 원주터미널점,394149,527262
2926,청송횟집,396332,526448
2927,속초어장,395974,531422
2928,무실교동짬뽕,393513,525731
2929,금순이네포차&치킨,393242,526246
2930,혼술,394759,528316
2931,참치스테이션,393958,527102
2932,크로크로 홈플러스 원주점,397295,523974
2933,아무르,388838,531219
2934,꽁술,396375,524402
2935,텀브커피 원주무실점,394099,525801
2936,더치캐슬,394241,528140
2937,껍데기클라쓰 원주무실점,393924,525828
2938,달그락,394765,529604
2939,원주면옥,394702,528490
2940,마늘은약이다 보쌈막국수,394077,525644
2941,꽃밭머리,401470,527402
2942,철다리감자탕,395840,527919
2943,토라참치,393772,526183
2944,곱사랑,392855,520935
2945,팔도미반,392955,522142
2946,대구식당,396333,527570
2947,명불허전,389117,530107
2948,치르치르 원주봉화산점,393774,527364
2949,신림족발,407487,514140
2950,언니쓰 포차,395659,527867
2951,꼬끼나와치킨 태장점,395563,531045
2952,진우돈가,393766,527456
2953,감자바우,395084,524976
2954,족이야기,393542,527458
2955,미래세상,418144,519637
2956,윤가냉면,395099,524283
2957,삼부자면옥,396506,524258
2958,세자매 반찬과 밥,395356,525596
2959,가리참숯갈비명가,394116,525647
2960,골든에그,396602,523855
2961,무새풍,393954,525619
2962,중국집(단계점),394261,527296
2963,정성명인족발,394372,528226
2964,얌샘 원주단계점,394093,526468
2965,두둥,398415,524772
2966,미식가,397152,524397
2967,곤지암할매소머리국밥 원주개운점,395635,525561
2968,희야,394011,525602
2969,채선당 단계점,393766,527261
2970,Cafe Road 37,393892,525790
2971,인정국물떡볶이,389279,530639
2972,플로리스트,393714,527169
2973,밥줘요,394173,525620
2974,다경 황태칼국수,398374,524628
2975,가고시마라멘기바레,395726,524471
2976,세일녹각삼계탕,394590,523979
2977,우탐가,399006,525091
2978,소풍돈까스,395127,525775
2979,이화수전통육개장 원주무실점,393950,525756
2980,다솔밥상,389007,530097
2981,피자필,395717,531122
2982,평창옛날손칼국수,396461,528454
2983,무리실카페,393135,525019
2984,도시인김밥,393748,527381
2985,문마카롱,385241,524130
2986,오룡닭발,394507,529782
2987,Oa Sis Coffee,389001,530312
2988,닭이랑도니랑,393024,521933
2989,6AM 수제샌드위치,396159,525942
2990,꾼노리 원주단구점,395789,525316
2991,홍순애 황둔쌀찐빵,417064,517769
2992,타코비 원주터미널점,394189,527082
2993,돈우촌,393609,526741
2994,굽네치킨 원주태장우산점,395595,531531
2995,페리카나 원주역전점,395291,528172
2996,땅땅치킨 한지공원점,394322,526130
2997,코우 이자카야,393760,526269
2998,스타벅스 원주단구점,395698,525389
2999,구다,395171,525059
3000,소셜티클럽,398727,525086
3001,본앤본 단구점,395764,525338
3002,오리마을,396285,534221
3003,가나안오리,393958,522775
3004,북경각,395040,524674
3005,만랩커피 원주단계점,393629,527280
3006,장독대칼국수,397311,526696
3007,여기로와,395472,527996
3008,자갈마당포차,395189,524928
3009,봉순이순대국,393193,526506
3010,샤브리카,391985,519290
3011,백년손님서서갈비 단계점,393952,527339
3012,곤트란쉐리에 원주점,394005,525877
3013,동네덮밥,395165,527261
3014,랑이네꼬마김밥,396078,526776
3015,남매분식,396097,526767
3016,피크닉바스켓 원주점,393908,525666
3017,규초밥,393309,525749
3018,왕손피자 원주점,396291,526612
3019,셀렉토커피 원주만대공원점,393891,526130
3020,우가닭닭목살닭갈비 아들점,396382,524531
3021,동행으로,396163,526788
3022,우리할매떡볶이 원주무실점,393948,525690
3023,자담치킨 원주단구점,395404,525049
3024,루야,394857,525855
3025,화요일,400992,526936
3026,왕창덮밥&왕창국밥,384106,523334
3027,한샘스크린골프,393647,526751
3028,중식당,399248,525081
3029,롤러와,393980,527005
3030,한빛커피&식사,394825,529358
3031,프랭크버거 원주무실점,393987,525824
3032,파스타세끼&윙스버거,393055,524870
3033,또바기앤빠라삐리뽀,396708,523673
3034,울다가웃다가아,395925,525520
3035,공유주방,395973,531420
3036,별쭈꾸미,398619,524981
3037,청에반하다,385175,525397
3038,흥업태기산막국수,393037,522739
3039,정가계 닭목살구이 혁신2호점,398424,524865
3040,프레샌드,394055,525730
3041,꾸브라꼬 숯불두마리치킨 원주혁신단관점,398507,524951
3042,윤츠,393834,525663
3043,스탑바이,396420,528811
3044,해월랑,394001,529752
3045,오늘,385670,534464
3046,문일한우촌 오크벨리점,385592,534523
3047,채움그이상의아름다움,394160,527347
3048,카페룬다,395522,526162
3049,숲,396492,524978
3050,길찻집,396421,526614
3051,디어마이블루,395195,524355
3052,숲에향기,392434,508330
3053,낮밥밤술,398512,524723
3054,세인트병원장례식장,397995,524918
3055,날쌘카페 원주단계점,393983,527036
3056,한옥집,387614,525739
3057,복담,387327,531307
3058,행복한식당,396664,529807
3059,본도시락 원주기업도시점,389622,530278
3060,플레이트,395056,524838
3061,찰보리와호두과자공장,389263,530374
3062,행운다방,395994,527268
3063,인정다방,396004,526396
3064,송어스타,396359,524467
3065,그남자의꼬치,396398,524482
3066,식사시간,399192,524883
3067,준식당 반곡점,397011,526153
3068,만월정,397011,526153
3069,쏘디,395161,525051
3070,무지개분식 태장점,395873,530779
3071,포퍼카페,398084,524121
3072,공차 원주기업도시점,388922,530249
3073,오복장칼국수,398637,524939
3074,컴포즈커피 원주중앙점,395699,527455
3075,설희찻집,395977,527391
3076,소라식당&커피,395579,531086
3077,홍콩할매스토어 개운점,396369,526317
3078,올모,392472,520203
3079,최가네영양탕 무실점,393192,526513
3080,은정돼지부속구이 단관점,393680,526289
3081,엘까페,395478,527262
3082,탕화쿵푸마라탕 무실점,393966,525798
3083,공차 원주중앙점,395663,527542
3084,원주장작구이 혁신본점,398376,524932
3085,메가커피 원주반곡점,397161,526123
3086,풍미식당 기업도시점,388919,531141
3087,무튼,399083,525037
3088,자담치킨 단관행복점,397133,523996
3089,망원동티라미수 원주단계점,394189,527081
3090,히릿,396407,524496
3091,아기사자,386643,526198
3092,이화1996,394314,526438
3093,신세계,395069,525891
3094,크라상점 원주무실점,393922,525765
3095,서울뚝배기,396361,526869
3096,대패92 원주기업도시점,389001,530312
3097,삼첩분식 원주 단구점,396213,525532
3098,할매안흥찐빵동네커피1500 원주본점,400793,526561
3099,김형제고기의철학 원주무실점,394011,525602
3100,고가네본가추어탕,397723,523565
3101,깨품은닭,396031,533039
3102,카페픽스,395203,527409
3103,예지관편의점,394001,529752
3104,이피커피,396426,523912
3105,쉼표보드게임,395663,525422
3106,또래오래 원주반곡봉산점,397046,526457
3107,하이웨이,387228,532269
3108,던킨도너츠 원주태장점,396180,528726
3109,요거둥,395843,526383
3110,라사천 마라탕 마라샹궈 원주점,395647,531124
3111,담꾹 원주기업도시점,388941,531119
3112,호호꽈배기,396194,526599
3113,정가계닭목살구이 천매점,395010,524739
3114,모자닭발집,395305,525244
3115,다온김밥,393898,527712
3116,보리보리쌀,396095,526631
3117,단관민물장어 무실점,393777,526232
3118,달그락,395334,526826
3119,석원이네옛날통닭,397938,531229
3120,청년피자 기업도시점,388656,530404
3121,육고집 원주점,393769,527264
3122,온누리(먹거리)굿샵,394478,529789
3123,숨숲아무르,391319,539955
3124,박달순대국 본점,396332,526447
3125,레제푸,394411,526106
3126,에덴카페,395602,524442
3127,엘린스샌드위치 원주단구점,395154,524337
3128,착한뒷고기,396814,526197
3129,핑키펑키,394176,528224
3130,태리로제떡볶이 단계점,394248,527455
3131,수피아,399893,530609
3132,뽀빠2꼬마김밥,384470,523659
3133,트윈베어,394404,526179
3134,다이닝버거 행구점,397734,526553
3135,갓구운빵마을,395663,525422
3136,동해바다본전해물찜,398462,524899
3137,외할머니가마솥추어탕,396133,527373
3138,469수피아,394920,524948
3139,비에이치씨 명륜점,395256,525691
3140,푸라닭 원주태장점,395806,531267
3141,대박야식,395630,531332
3142,상원오리,393319,521836
3143,오나전 본점,393945,527292
3144,블루포트 국민건강보험 공단본부점,398980,524739
3145,닭봉씨푸드,394024,527551
3146,풍경채,398633,525461
3147,고기생각,398442,524857
3148,한우곱창구다,395171,525059
3149,돼지몽 단계점,394024,527551
3150,워라밸카페,394362,527802
3151,진광분식,394671,530020
3152,러블리호프,395113,524856
3153,우주커피,393268,526610
3154,뉴 욕쟁이 디저트 원주혁신점,398965,524939
3155,경성꽈배기 기업도시점,388839,531211
3156,국민낙곱새 원주점,395941,525511
3157,꼬기만땅점보비빔밥,385168,524088
3158,싹쓰리푸드,395304,527865
3159,빅스타피자 원주문막점,384334,523588
3160,무모한초밥 원주기업도시점,389088,530207
3161,마마트 원주단계점,394212,526815
3162,크레이저커피 원주행구점,398611,526974
3163,건넨커피,407881,516365
3164,대성칼국수,396743,523684
3165,늘해랑김밥,393378,526559
3166,텃밭식당,398460,524609
3167,태민푸드,393618,527455
3168,라엘라,396440,528677
3169,자미당 반곡점,397011,526153
3170,뉴욕쟁이디저트 원주혁신도시점,398965,524939
3171,닻별 단계점,393842,527219
3172,커피블라썸,394466,528586
3173,샐러드박스 기업도시점,388714,531208
3174,돌담정육식당,393764,527453
3175,우리할매떡볶이 원주기업도시점,388732,530732
3176,비비큐치킨 우산점,395671,531105
3177,투썸플레이스 원주기업도시스타세븐점,388922,530249
3178,1인밥집,394129,526618
3179,손맛 더하기,393718,527211
3180,루트77,384985,524905
3181,의료법인고색의료재단,395442,530744
3182,존스케잌전문점,388829,530993
3183,텐퍼센트커피 원주혁신도시점,398302,524672
3184,지코바 태장1호점,395721,530698
3185,옛날통닭 상지마트점,394894,529529
3186,꼬막불짬뽕,397043,524087
3187,지에스 원주푸른점,399633,525209
3188,제이케이크,395208,526362
3189,배떡 반곡관설점,397148,524342
3190,아워밀,388714,531208
3191,배러빈즈,395253,524285
3192,"그때, 그때",395518,527178
3193,신평리신짬뽕,389761,530103
3194,김옥열할매촌,394274,527341
3195,하나정육식당,396439,524518
3196,만만디,393614,527434
3197,투썸플레이스 원주관설점,397180,523690
3198,역전할머니맥주 원주기업도시점,398416,524766
3199,가시어멍김밥 원주 단계점,393628,527829
3200,양지포차,396312,526623
3201,곱분이곱창 원주무실점,393983,525657
3202,향언니네공방,395657,524445
3203,갓성비 파스타&필라프,394213,527602
3204,준식당 기업점,388714,531208
3205,수유리혼밥왕 원주명륜점,395365,525701
3206,팜인,404899,516525
3207,버프커피,395197,527798
3208,또가네국밥,395656,527648
3209,시크릿가든,385007,523964
3210,우리할매떡볶이 원주혁신점,398512,524723
3211,젊음의광장매점,395444,526042
3212,힙피기,394296,526444
3213,퀴즈노스 원주혁신도시점,398512,524723
3214,원주집회양념식당,393087,525883
3215,존가네 원주점,394030,528269
3216,셰프클라쓰 기업도시점,389493,530179
3217,무공돈까스 원주기업도시점,389131,530271
3218,배스킨라빈스 원주기업스타점,388922,530249
3219,나인몽테뉴,385032,528087
3220,마산아구찜야식,394562,529776
3221,버디펍,389368,530337
3222,메이드마이데이,389009,531183
3223,웃는두꺼비,388905,531282
3224,오즈 덮밥&찌개,398302,524672
3225,태리로제떡볶이 단구점,395989,525525
3226,국수나무 원주혁신도시점,398256,524705
3227,돈갓 단구점,396926,524279
3228,치코파닭 흥업점,391959,519286
3229,더캠프 연세대점,392329,519805
3230,꽃자리,400473,526723
3231,먹는게남는거,383828,522692
3232,포항물회,397147,526669
3233,맘스케익엔커피,393908,525666
3234,라라코스트 원주기업도시점,389263,530374
3235,용석이네칼국수,395693,527560
3236,엔깐따다,394283,526105
3237,석지,383757,523837
3238,덮덮밥 단구점,397154,524397
3239,늘봄정원,396447,527241
3240,베노아,392823,527887
3241,꾸브라꼬숯불두마리치킨 단계점,394371,526482
3242,금별맥주 원주기업도시점,389368,530337
3243,달리는커피 원주기업도시점,398905,524900
3244,김호권의청년어부 원주기업도시점,388941,531119
3245,주문집딸부자집,395925,525520
3246,컴포즈커피 원주행구점,397649,526605
3247,이마트24원주현대프라자,389361,530276
3248,아이갓에브리씽 미리내도서관점,398765,524814
3249,성호풍경채한식뷔페,398525,524980
3250,루트254,394199,527187
3251,플랍 단관점,396451,524748
3252,노랑통닭 원주기업도시점,388941,531119
3253,피키베이글,393987,525824
3254,상근이김밥공장 3호점,391415,519891
3255,안동본가국밥 원주기업도시점,389368,530337
3256,대패가1900 원주점,394867,527444
3257,우밀타,398689,525044
3258,엘빈,392833,528050
3259,코리엔탈깻잎두마리치킨,396354,525399
3260,진숙상회,395443,525537
3261,케이크아지트,394163,527645
3262,수은카페,395416,527896
3263,족보잇는국밥 원주중앙점,394766,526785
3264,본죽앤비빔밥,396401,524565
3265,킹대게시티,389368,530337
3266,행복상회,393762,525905
3267,반올림피자샵 단구혁신점,398922,524983
3268,샘물다방,396059,527195
3269,해랑동태탕,398420,524616
3270,누구나홀딱반한닭 원주단구점,396337,524531
3271,새마을국밥,388656,530404
3272,야미마라탕 기업도시점,389432,530173
3273,대명부양꼬치,389432,530173
3274,도토리국수,397712,526586
3275,파스타 프레스코,399333,525109
3276,너의하루,396081,529949
3277,누구나홀딱반한닭 원주단계점,394158,527312
3278,원주돈까스,396329,526366
3279,뽀끼떡기,396280,524480
3280,과자공방,398634,526519
3281,소림타운 강원원주점,394291,527162
3282,늘너,394776,526776
3283,맛골칼국수,394089,527374
3284,베이크어스,393842,525733
3285,세자매집밥,396020,528717
3286,이삭토스트 원주기업도시점,388922,530249
3287,신매콤이 닭발,397095,524030
3288,이춘봉인생치킨 원주단관점,395981,524367
3289,로로네,398644,524896
3290,카페크림,397032,524135
3291,브레드105,396492,524328
3292,신육가,397121,524453
3293,카페문득,394227,526159
3294,또순이포차,395665,527867
3295,잇츠맘김밥,395351,525341
3296,더베이커스더즌,381041,531998
3297,숯불이뜨겁닭,394818,530016
3298,샐러드콤마,398084,524121
3299,그집가자,395851,525535
3300,이마트24 남원주점,392747,523295
3301,마이부티크 무실점,393657,524934
3302,단계빵집,394218,527109
3303,시올카페,397409,525578
3304,영동식당,395290,528171
3305,이백장돈가스 기업도시점,388806,530132
3306,꼬지사께 원주 혁신중흥점,398084,524121
3307,김충기꽃삼겹 원주기업도시점,388554,530218
3308,카페이야기담,390388,538663
3309,비반다,388790,530110
3310,카페플로우,399144,524838
3311,미소대가,394016,525559
3312,버거킹 원주기업도시점,388922,530249
3313,탁사정흑마늘닭강정 원주중앙시장점,395791,527664
3314,샐러드:다,395380,527448
3315,프롬229에스티,400026,527539
3316,장군푸드,394241,528139
3317,떡볶당 원주혁신도시점,398840,524959
3318,비니트카페,382622,533905
3319,60계치킨 강원문막점,384324,523582
3320,카페361,416043,517153
3321,월송커피,386319,533352
3322,곱떡치떡&찜꽁찜닭 원주혁신점,398346,524800
3323,하트카페,385285,529314
3324,퀴즈노스 원주태장점,397459,530049
3325,마라하오 원주점,395181,525420
3326,루비스카페,398785,525008
3327,남자피자 원주점,399408,525509
3328,친정엄마,396304,528182
3329,들국화다방,396618,525155
3330,케이엠지엠 강원원주점,393970,527065
3331,부리또만나앤꿈,393784,527081
3332,정식당,395452,527676
3333,원주문화관광협동조합무지개,395693,527560
3334,장금이감자탕 원주봉화산점,392994,528297
3335,라임,397004,526834
3336,오충무,399136,524731
3337,나유키친,395238,524485
3338,황금코다리 원주행구점,397934,526820
3339,코다리랑시래기랑,389361,530276
3340,임떡 곱창떡볶이 원주점,396562,525114
3341,오늘은참치,388790,530110
3342,옛날보리밥집,395693,527560
3343,롯데리아 원주봉산점,397076,526664
3344,카페 드 마땅,398570,524608
3345,오늘도삼겹살,388656,530404
3346,에그빈,385096,524617
3347,애오(Aou),396024,526393
3348,이연순 명인 올떡,388746,531109
3349,블루아란치니,393845,526157
